Playlist;Geschlecht;Wort;Genderneutral
Beliebteste;Maskuline Nomen;Vater;true
Beliebteste;Maskuline Nomen;Lieblingsmensch;true
Beliebteste;Maskuline Nomen;Lieblingsmensch;true
Beliebteste;Maskuline Nomen;Lieblingsmensch;true
Beliebteste;Maskuline Nomen;Lieblingsmensch;true
Beliebteste;Maskuline Nomen;Kreis;true
Beliebteste;Maskuline Nomen;Lieblingsmensch;true
Beliebteste;Maskuline Nomen;Lieblingsmensch;true
Beliebteste;Maskuline Nomen;Lieblingsmensch;true
Beliebteste;Maskuline Nomen;Lieblingsmensch;true
Beliebteste;Maskuline Nomen;Lieblingsmensch;true
Beliebteste;Maskuline Nomen;Lieblingsmensch;true
Beliebteste;Maskuline Nomen;Lieblingsmensch;true
Beliebteste;Maskuline Nomen;Lieblingsmensch;true
Beliebteste;Feminine Nomen;Stimme;true
Beliebteste;Feminine Nomen;Natur;true
Beliebteste;Feminine Nomen;Figur;true
Beliebteste;Feminine Nomen;Stelle;true
Beliebteste;Feminine Nomen;Ansage;true
Beliebteste;Feminine Nomen;Ansage;true
Beliebteste;Neutrale Nomen;Team;true
Beliebteste;Feminine Nomen;Firma;true
Beliebteste;Neutrale Nomen;Kind;true
Beliebteste;Neutrale Nomen;Kind;true
Beliebteste;Neutrale Nomen;Kind;true
Beliebteste;Feminine Nomen;Eltern;true
Beliebteste;Neutrale Nomen;Kind;true
Beliebteste;Neutrale Nomen;Zimmer;true
Beliebteste;Maskuline Nomen;DJ;true
Beliebteste;Neutrale Nomen;Interesse;true
Beliebteste;Maskuline Nomen;DJ;true
Beliebteste;Neutrale Nomen;Team;true
Beliebteste;Neutrale Nomen;Kind;true
Beliebteste;Neutrale Nomen;Kind;true
Beliebteste;Neutrale Nomen;Zimmer;true
Beliebteste;Feminine Nomen;Stimme;true
Beliebteste;Feminine Nomen;Stimme;true
Beliebteste;Feminine Nomen;Stimme;true
Beliebteste;Feminine Nomen;Stimme;true
Beliebteste;Feminine Nomen;Stimme;true
Beliebteste;Feminine Nomen;Stimme;true
Beliebteste;Feminine Nomen;Stimme;true
Beliebteste;Feminine Nomen;Stimme;true
Beliebteste;Feminine Nomen;Stimme;true
Beliebteste;Feminine Nomen;Stimme;true
Beliebteste;Feminine Nomen;Stimme;true
Beliebteste;Feminine Nomen;Stimme;true
Beliebteste;Feminine Nomen;Stimme;true
Beliebteste;Feminine Nomen;Stimme;true
Beliebteste;Feminine Nomen;Stimme;true
Beliebteste;Feminine Nomen;Stimme;true
Beliebteste;Feminine Nomen;Stimme;true
Beliebteste;Feminine Nomen;Stimme;true
Beliebteste;Feminine Nomen;Stelle;true
Beliebteste;Maskuline Nomen;Nachwuchs;true
Beliebteste;Feminine Nomen;Nachbarschaft;true
Beliebteste;Feminine Nomen;Kamera;true
Beliebteste;Maskuline Nomen;Besuch;true
Beliebteste;Maskuline Nomen;Kreis;true
Beliebteste;Neutrale Nomen;Kind;true
Beliebteste;Neutrale Nomen;Kind;true
Beliebteste;Maskuline Nomen;Schreibtisch;true
Beliebteste;Neutrale Nomen;Kind;true
Beliebteste;Feminine Nomen;Stimme;true
Beliebteste;Feminine Nomen;Stimme;true
Beliebteste;Feminine Nomen;Stimme;true
Beliebteste;Maskuline Nomen;Kreis;true
Beliebteste;Neutrale Nomen;Zimmer;true
Beliebteste;Maskuline Nomen;DJ;true
Beliebteste;Neutrale Nomen;Team;true
Songs90er;Maskuline Nomen;Besuch;true
Songs90er;Feminine Nomen;Beziehung;true
Songs90er;Maskuline Nomen;Verein;true
Songs90er;Neutrale Nomen;Zimmer;true
Songs90er;Feminine Nomen;Polizei;true
Songs90er;Feminine Nomen;Beziehung;true
Songs90er;Feminine Nomen;Nachbarschaft;true
Songs90er;Maskuline Nomen;DJ;true
Songs90er;Feminine Nomen;Stimme;true
Songs90er;Neutrale Nomen;Kind;true
Songs90er;Feminine Nomen;Gesellschaft;true
Songs90er;Feminine Nomen;Gesellschaft;true
Songs90er;Feminine Nomen;Gesellschaft;true
Songs90er;Feminine Nomen;Gesellschaft;true
Songs90er;Feminine Nomen;Stimme;true
Songs90er;Feminine Nomen;Gesellschaft;true
Songs90er;Feminine Nomen;Gesellschaft;true
Songs90er;Feminine Nomen;Gesellschaft;true
Songs90er;Feminine Nomen;Stelle;true
Songs90er;Feminine Nomen;Polizei;true
Songs90er;Feminine Nomen;Polizei;true
Songs90er;Feminine Nomen;Gesellschaft;true
Songs90er;Feminine Nomen;Konkurrenz;true
Songs90er;Feminine Nomen;Stelle;true
Songs90er;Neutrale Nomen;Mitglied;true
Songs90er;Feminine Nomen;Gesellschaft;true
Songs90er;Feminine Nomen;Gesellschaft;true
Songs90er;Feminine Nomen;Gesellschaft;true
Songs90er;Feminine Nomen;Gesellschaft;true
Songs90er;Neutrale Nomen;Sprachrohr;true
Songs90er;Feminine Nomen;Eltern;true
Songs90er;Feminine Nomen;Eltern;true
Songs90er;Maskuline Nomen;DJ;true
Songs90er;Maskuline Nomen;DJ;true
Songs90er;Feminine Nomen;Natur;true
Songs90er;Neutrale Nomen;Konto;true
Songs90er;Neutrale Nomen;Zimmer;true
Songs22;Maskuline Nomen;Vater;true
Songs22;Maskuline Nomen;Lieblingsmensch;true
Songs22;Maskuline Nomen;Lieblingsmensch;true
Songs22;Maskuline Nomen;Lieblingsmensch;true
Songs22;Maskuline Nomen;Lieblingsmensch;true
Songs22;Maskuline Nomen;Kreis;true
Songs22;Maskuline Nomen;Lieblingsmensch;true
Songs22;Maskuline Nomen;Lieblingsmensch;true
Songs22;Maskuline Nomen;Lieblingsmensch;true
Songs22;Maskuline Nomen;Lieblingsmensch;true
Songs22;Maskuline Nomen;Lieblingsmensch;true
Songs22;Maskuline Nomen;Lieblingsmensch;true
Songs22;Maskuline Nomen;Lieblingsmensch;true
Songs22;Maskuline Nomen;Lieblingsmensch;true
Songs22;Feminine Nomen;Stimme;true
Songs22;Feminine Nomen;Natur;true
Songs22;Feminine Nomen;Figur;true
Songs22;Feminine Nomen;Stelle;true
Songs22;Feminine Nomen;Ansage;true
Songs22;Feminine Nomen;Ansage;true
Songs22;Neutrale Nomen;Team;true
Songs22;Feminine Nomen;Firma;true
Songs22;Neutrale Nomen;Kind;true
Songs22;Neutrale Nomen;Kind;true
Songs22;Neutrale Nomen;Kind;true
Songs22;Feminine Nomen;Eltern;true
Songs22;Neutrale Nomen;Kind;true
Songs22;Neutrale Nomen;Zimmer;true
Songs22;Maskuline Nomen;DJ;true
Songs22;Neutrale Nomen;Interesse;true
Songs22;Maskuline Nomen;DJ;true
Songs22;Neutrale Nomen;Team;true
Songs22;Neutrale Nomen;Kind;true
Songs22;Neutrale Nomen;Kind;true
Songs22;Neutrale Nomen;Zimmer;true
Songs22;Feminine Nomen;Stimme;true
Songs22;Feminine Nomen;Stimme;true
Songs22;Feminine Nomen;Stimme;true
Songs22;Feminine Nomen;Stimme;true
Songs22;Feminine Nomen;Stimme;true
Songs22;Feminine Nomen;Stimme;true
Songs22;Feminine Nomen;Stimme;true
Songs22;Feminine Nomen;Stimme;true
Songs22;Feminine Nomen;Stimme;true
Songs22;Feminine Nomen;Stimme;true
Songs22;Feminine Nomen;Stimme;true
Songs22;Feminine Nomen;Stimme;true
Songs22;Feminine Nomen;Stimme;true
Songs22;Feminine Nomen;Stimme;true
Songs22;Feminine Nomen;Stimme;true
Songs22;Feminine Nomen;Stimme;true
Songs22;Feminine Nomen;Stimme;true
Songs22;Feminine Nomen;Stimme;true
Songs22;Feminine Nomen;Stelle;true
Songs22;Maskuline Nomen;Nachwuchs;true
Songs22;Feminine Nomen;Nachbarschaft;true
Songs22;Feminine Nomen;Kamera;true
Songs22;Maskuline Nomen;Besuch;true
Songs22;Maskuline Nomen;Kreis;true
Songs22;Neutrale Nomen;Kind;true
Songs22;Neutrale Nomen;Kind;true
Songs22;Maskuline Nomen;Schreibtisch;true
Songs22;Neutrale Nomen;Kind;true
Songs22;Feminine Nomen;Stimme;true
Songs22;Feminine Nomen;Stimme;true
Songs22;Feminine Nomen;Stimme;true
Songs22;Maskuline Nomen;Kreis;true
Songs22;Neutrale Nomen;Zimmer;true
Songs22;Maskuline Nomen;DJ;true
Songs22;Neutrale Nomen;Team;true
