,Noun,Year,Artist,Popularity
0,Sack,2022,Die Toten Hosen,45
1,Sack,2022,Die Toten Hosen,45
2,Sack,2022,Die Toten Hosen,45
3,Sack,2022,Die Toten Hosen,45
4,Chaot,2022,Die Toten Hosen,33
5,Chaot,2022,Die Toten Hosen,33
6,Chaot,2022,Die Toten Hosen,33
7,Chaot,2022,Die Toten Hosen,33
8,Schwein,2021,Udo Lindenberg,33
9,Weib,2021,Udo Lindenberg,25
10,Weib,2021,Udo Lindenberg,25
11,Schwein,2021,Udo Lindenberg,22
12,Idiot,2021,Udo Lindenberg,24
13,Spießer,2021,Udo Lindenberg,25
14,Macker,2023,Apache 207,73
15,Bitch,2023,Apache 207,70
16,Idiot,2023,Peter Fox,65
17,Sau,2023,Peter Fox,71
18,Sack,2008,Peter Fox,72
19,Macker,2008,Peter Fox,63
20,Sack,2008,Peter Fox,53
21,Macker,2008,Peter Fox,67
22,Hurensohn,2022,Bonez MC,46
23,Wichser,2022,Bonez MC,46
24,Wichser,2022,Bonez MC,46
25,Nutte,2022,Bonez MC,46
26,Schlampe,2022,Bonez MC,62
27,Schlampe,2022,Bonez MC,62
28,Schlampe,2022,Bonez MC,62
29,Bonze,2022,Bonez MC,68
30,Bitch,2022,Bonez MC,67
31,Schwanzlutscher,2022,Bonez MC,58
32,Bastard,2022,Bonez MC,56
33,Trottel,2022,Bonez MC,55
34,Trottel,2022,Bonez MC,55
35,Schlampe,2022,Bonez MC,55
36,Trottel,2022,Bonez MC,55
37,Trottel,2022,Bonez MC,55
38,Schlampe,2022,LX,32
39,Bitch,2022,RAF Camora,33
40,Hurensohn,2022,RAF Camora,34
41,Hurenkind,2022,RAF Camora,32
42,Bitch,2022,RAF Camora,32
43,Schwein,2022,SDP,45
44,Fotze,2022,SDP,45
45,Fotze,2022,SDP,45
46,Schwein,2022,SDP,42
47,Schwein,2022,SDP,42
48,Bastard,2022,SDP,45
49,Bastard,2022,SDP,45
50,Bastard,2022,SDP,45
51,Bastard,2022,SDP,45
52,Trottel,2019,SDP,54
53,Trottel,2019,SDP,54
54,Fotze,2019,SDP,39
55,Wichser,2019,SDP,39
56,Wichser,2019,SDP,39
57,Wichser,2019,SDP,39
58,Wichser,2019,SDP,39
59,Wichser,2019,SDP,39
60,Wichser,2019,SDP,39
61,Ungeheuer,2019,SDP,21
62,Hurensohn,2022,Nina Chuba,68
63,Arschloch,2022,LUNA,56
64,Arschloch,2022,LUNA,56
65,Arschloch,2022,LUNA,56
66,Arschloch,2022,LUNA,56
67,Arschloch,2022,LUNA,56
68,Arschloch,2022,LUNA,56
69,Arschloch,2022,LUNA,56
70,Arschloch,2022,LUNA,56
71,Arschloch,2022,LUNA,56
72,Arschloch,2022,LUNA,56
73,Arschloch,2022,LUNA,56
74,Affenarsch,2022,Ben Zucker,51
75,Sack,2022,Ben Zucker,51
76,Sau,2022,Ben Zucker,51
77,Schwein,2022,Ben Zucker,51
78,Bastard,2022,Ben Zucker,51
79,Wichser,2022,Ben Zucker,51
80,Wichser,2022,Ben Zucker,51
81,Schlampe,2022,Ben Zucker,51
82,Schlampe,2022,Ben Zucker,51
83,Wichser,2022,Ben Zucker,51
84,Wichser,2022,Ben Zucker,51
85,Wichser,2022,Ben Zucker,51
86,Wichser,2022,Ben Zucker,51
87,Trottel,2022,Ben Zucker,51
88,Trottel,2022,Ben Zucker,51
89,Hurensohn,2022,Ben Zucker,51
90,Wichser,2022,Ben Zucker,51
91,Wichser,2022,Ben Zucker,51
92,Schlampe,2022,Ben Zucker,51
93,Wichser,2022,Ben Zucker,51
94,Wichser,2022,Ben Zucker,51
95,Wichser,2022,Ben Zucker,51
96,Wichser,2022,Ben Zucker,51
97,Hurensohn,2022,Ben Zucker,51
98,Hurensohn,2022,Ben Zucker,51
99,Wichser,2022,Ben Zucker,51
100,Wichser,2022,Ben Zucker,51
101,Hurensohn,2022,badmómzjay,62
102,Arschloch,2021,MC Bilal,50
103,Schlampe,2021,MC Bilal,50
104,Arschloch,2023,Jamule,2
105,Arschloch,2023,Jamule,2
106,Arschloch,2023,Alexander Eder,53
107,Bitch,2023,Nina Chuba,56
108,Furie,2022,Mudi,26
109,Idiot,2022,Mudi,26
110,Tagedieb,2022,Mudi,18
111,Taugenichts,2022,Mudi,18
112,Schlampe,2021,Mudi,34
113,Macker,2023,Jamule,45
114,Bitch,2023,Jamule,55
115,Idiot,2023,Jamule,44
116,Idiot,2023,Jamule,44
117,Idiot,2023,Jamule,44
118,Bastard,2022,Jamule,39
119,Bitch,2022,Jamule,61
120,Bitch,2022,Jamule,37
121,Arschloch,2022,Jamule,53
122,Arschloch,2022,Jamule,53
123,Bitch,2022,Jamule,37
124,Bitch,2022,Jamule,37
125,Bitch,2022,Jamule,37
126,Bitch,2022,Jamule,37
127,Bitch,2022,Jamule,37
128,Bitch,2022,Jamule,37
129,Bitch,2021,Jamule,34
130,Schlampe,2021,Jamule,42
131,Bitch,2021,Jamule,40
132,Bitch,2021,Jamule,40
133,Bitch,2021,Jamule,40
134,Bitch,2021,Jamule,40
135,Bitch,2021,Jamule,40
136,Bitch,2021,Jamule,40
137,Bitch,2021,Jamule,33
138,Bitch,2021,Jamule,36
139,Idiot,2020,Jamule,49
140,Weib,2023,LIKA,42
141,Bitch,2021,Endzone,41
142,Trottel,2021,Endzone,29
143,Trottel,2021,Endzone,29
144,Bitch,2020,Endzone,28
145,Sack,2020,Endzone,27
146,Bitch,2020,Endzone,27
147,Schlampe,2020,Endzone,41
148,Chaot,2023,SOPHIA,52
149,Ungeheuer,2023,AnnenMayKantereit,50
150,Bastard,2016,AnnenMayKantereit,46
151,Besserwisser,2016,AnnenMayKantereit,53
152,Idiot,2022,Dardan,40
153,Bitch,2022,Dardan,37
154,Bitch,2022,Dardan,41
155,Bitch,2022,Dardan,41
156,Hure,2022,Dardan,41
157,Idiot,2022,Dardan,41
158,Gauner,2022,Dardan,40
159,Bitch,2022,AMEX DIOR,26
160,Bastard,2022,Dardan,52
161,Schlampe,2021,RAF Camora,50
162,Hurenkind,2020,RAF Camora,36
163,Schlampe,2020,RAF Camora,35
164,Schlampe,2020,RAF Camora,30
165,Schwanzlutscher,2020,RAF Camora,31
166,Hure,2020,RAF Camora,50
167,Hurensohn,2020,RAF Camora,50
168,Bastard,2020,RAF Camora,56
169,Bastard,2020,RAF Camora,39
170,Schlampe,2018,Bonez MC,18
171,Hure,2018,Bonez MC,18
172,Hure,2018,Bonez MC,18
173,Fotze,2018,Bonez MC,18
174,Bitch,2018,Bonez MC,18
175,Hurensohn,2018,Bonez MC,39
176,Wichser,2018,Bonez MC,39
177,Wichser,2018,Bonez MC,39
178,Nutte,2018,Bonez MC,39
179,Schlampe,2018,Bonez MC,60
180,Schlampe,2018,Bonez MC,60
181,Schlampe,2018,Bonez MC,60
182,Sack,2018,Bonez MC,53
183,Hurensohn,2018,Bonez MC,53
184,Sack,2018,Bonez MC,53
185,Bastard,2018,Bonez MC,53
186,Sack,2018,Bonez MC,53
187,Schlampe,2017,RAF Camora,31
188,Nutte,2017,RAF Camora,13
189,Nutte,2017,RAF Camora,20
190,Nutte,2017,RAF Camora,8
191,Vandale,2016,Bonez MC,55
192,Nutte,2016,Bonez MC,20
193,Weib,2016,Bonez MC,17
194,Idiot,2020,LEA,30
195,Idiot,2020,LEA,30
196,Idiot,2020,LEA,30
197,Idiot,2020,LEA,29
198,Idiot,2020,LEA,29
199,Idiot,2020,LEA,29
200,Bastard,2018,LEA,34
201,Bastard,2022,Alligatoah,0
202,Arschloch,2022,Alligatoah,0
203,Sack,2022,Die Toten Hosen,36
204,Sack,2022,Die Toten Hosen,36
205,Sack,2022,Die Toten Hosen,36
206,Sack,2022,Die Toten Hosen,36
207,Arschloch,2022,Mike Singer,41
208,Arschloch,2022,Mike Singer,41
209,Besserwisser,2023,LISCH,14
210,Bastard,2022,FRINK,7
211,Arschloch,2022,LENA UND LUIS,3
212,Depp,2021,JORIS,37
213,Depp,2021,JORIS,37
214,Idiot,2021,JORIS,28
215,Idiot,2021,JORIS,28
216,Wichser,2021,Alligatoah,0
217,Wichser,2021,Alligatoah,0
218,Arschloch,2021,Alligatoah,0
219,Idiot,2021,Georg Stengel,46
220,Idiot,2021,Georg Stengel,46
221,Idiot,2021,SANTOS,60
222,Sau,2020,Clueso,59
223,Arschloch,2020,Bosse,41
224,Arschloch,2020,Bosse,41
225,Arschloch,2020,Bosse,41
226,Arschloch,2020,Bosse,41
227,Arschloch,2020,Bosse,41
228,Schwein,2020,Alligatoah,4
229,Fotze,2020,FASO,0
230,Trottel,2020,FASO,0
231,Trottel,2020,FASO,0
232,Bastard,2020,Capital Bra,56
233,Wichser,2020,Clueso,52
234,Wichser,2020,Clueso,52
235,Idiot,2020,LEA,49
236,Idiot,2020,LEA,49
237,Idiot,2020,LEA,49
238,Sack,2020,Julia Kautz,0
239,Sack,2020,Julia Kautz,0
240,Sack,2020,Julia Kautz,0
241,Sack,2020,Julia Kautz,0
242,Sack,2020,Julia Kautz,0
243,Grobian,2020,Julia Kautz,0
244,Wurm,2020,Julia Kautz,0
245,Idiot,2020,Julia Kautz,0
246,Arschloch,2020,Julia Kautz,0
247,Arschloch,2020,Julia Kautz,0
248,Weib,2020,Julia Kautz,0
249,Trottel,2019,Phil Masel,7
250,Trottel,2019,Phil Masel,7
251,Nutte,2019,Phil Masel,7
252,Trottel,2019,Phil Masel,7
253,Trottel,2019,Phil Masel,7
254,Krüppel,2019,Phil Masel,7
255,Bitch,2019,Phil Masel,7
256,Lümmel,2019,Phil Masel,7
257,Idiot,2019,Phil Masel,7
258,Arschloch,2019,Phil Masel,7
259,Stenz,2019,Phil Masel,7
260,Wichser,2019,Phil Masel,7
261,Wichser,2019,Phil Masel,7
262,Bitch,2019,Phil Masel,7
263,Trottel,2019,Phil Masel,7
264,Trottel,2019,Phil Masel,7
265,Mitläufer,2019,Phil Masel,7
266,Sack,2022,RIAN,47
267,Idiot,2022,ORRY,40
268,Sau,2022,Peter Fox,76
269,Idiot,2023,Peter Fox,59
270,Hurensohn,2020,CÉLINE,0
271,Hurensohn,2020,CÉLINE,0
272,Hurensohn,2020,CÉLINE,0
273,Hurensohn,2020,CÉLINE,0
274,Hurensohn,2020,CÉLINE,0
275,Hurensohn,2020,CÉLINE,0
276,Hurensohn,2020,CÉLINE,0
277,Schwein,1998,Die Ärzte,59
278,Schwein,1998,Die Ärzte,59
279,Sack,2012,Sido,64
280,Bastard,2012,Haftbefehl,34
281,Hure,2012,Haftbefehl,34
282,Weib,1989,Westernhagen,56
283,Schlampe,2009,Jan Delay,61
284,Idiot,2020,LEA,59
285,Idiot,2020,LEA,59
286,Idiot,2020,LEA,59
287,Rüpel,2006,Sido,68
288,Arschloch,2014,Trailerpark,4
289,Nutte,2004,Sido,51
290,Nutte,2004,Sido,51
291,Sau,2014,Sido,60
292,Sau,2014,Sido,60
293,Schlampe,2016,Ado Kojo,58
294,Sau,2012,PSY,77
295,Sau,2012,PSY,77
296,Schlampe,2012,PSY,77
297,Sau,2012,PSY,77
298,Sau,2012,PSY,77
299,Sau,2012,PSY,77
300,Sau,2012,PSY,77
301,Hurensohn,2017,SXTN,70
302,Bitch,2017,SXTN,70
303,Sack,2023,Wolfgang Petry,23
304,Schwein,2023,Wolfgang Petry,22
305,Schwein,1996,Wolfgang Petry,13
306,Schwein,2020,Wolfgang Petry,11
307,Schwein,2020,Wolfgang Petry,11
308,Schwein,2020,Wolfgang Petry,11
309,Schwein,2020,Wolfgang Petry,11
310,Schwein,2020,Wolfgang Petry,11
311,Schwein,2020,Wolfgang Petry,11
312,Schwein,2020,Wolfgang Petry,11
313,Schwein,2020,Wolfgang Petry,11
314,Schwein,2020,Wolfgang Petry,11
315,Schwein,2020,Wolfgang Petry,11
316,Schwein,2018,Wolfgang Petry,19
317,Schwein,2018,Wolfgang Petry,19
318,Schwein,2018,Wolfgang Petry,19
319,Schwein,2018,Wolfgang Petry,19
320,Narr,2018,Wolfgang Petry,17
321,Schwein,2018,Wolfgang Petry,13
322,Ungeheuer,2018,Wahnsinn (Original Music Cast),13
323,Ungeheuer,2018,Wahnsinn (Original Music Cast),13
324,Krüppel,2018,Wahnsinn (Original Music Cast),13
325,Tagedieb,2018,Wahnsinn (Original Music Cast),13
326,Weib,2018,Wahnsinn (Original Music Cast),13
327,Ungeheuer,2018,Wahnsinn (Original Music Cast),13
328,Weib,2018,Wahnsinn (Original Music Cast),13
329,Narr,2018,Wahnsinn (Original Music Cast),13
330,Krüppel,2018,Wahnsinn (Original Music Cast),13
331,Krüppel,2018,Wahnsinn (Original Music Cast),13
332,Krüppel,2018,Wahnsinn (Original Music Cast),13
333,Krüppel,2018,Wahnsinn (Original Music Cast),13
334,Krüppel,2018,Wahnsinn (Original Music Cast),13
335,Krüppel,2018,Wahnsinn (Original Music Cast),13
336,Krüppel,2018,Wahnsinn (Original Music Cast),13
337,Narr,2018,Wahnsinn (Original Music Cast),13
338,Ungeheuer,2018,Wahnsinn (Original Music Cast),13
339,Weib,2018,Wahnsinn (Original Music Cast),13
340,Weib,2018,Wahnsinn (Original Music Cast),13
341,Weib,2018,Wahnsinn (Original Music Cast),13
342,Narr,2018,Wahnsinn (Original Music Cast),13
343,Narr,2018,Wahnsinn (Original Music Cast),13
344,Narr,2018,Wahnsinn (Original Music Cast),13
345,Narr,2018,Wahnsinn (Original Music Cast),13
346,Duckmäuser,2018,Wahnsinn (Original Music Cast),13
347,Weib,2018,Wahnsinn (Original Music Cast),13
348,Weib,2018,Wahnsinn (Original Music Cast),13
349,Schwein,2018,Wahnsinn (Original Music Cast),13
350,Schwein,2018,Wahnsinn (Original Music Cast),13
351,Ungeheuer,2018,Wahnsinn (Original Music Cast),13
352,Ungeheuer,2018,Wahnsinn (Original Music Cast),13
353,Weib,2018,Wahnsinn (Original Music Cast),13
354,Weib,2018,Wahnsinn (Original Music Cast),13
355,Wurm,2018,Wahnsinn (Original Music Cast),13
356,Ungeheuer,2018,Wahnsinn (Original Music Cast),13
357,Schwein,2018,Wolfgang Petry,8
358,Schwein,2018,Wolfgang Petry,8
359,Schwein,2018,Wolfgang Petry,8
360,Sack,2018,Wolfgang Petry,8
361,Schwein,2018,Wolfgang Petry,6
362,Stümper,2015,Wolfgang Petry,6
363,Weib,2015,Wolfgang Petry,6
364,Narr,2015,Wolfgang Petry,6
365,Spießbürger,2015,Wolfgang Petry,6
366,Weib,2015,Wolfgang Petry,6
367,Pfaffe,2015,Wolfgang Petry,6
368,Sack,2015,Wolfgang Petry,4
369,Sack,2015,Wolfgang Petry,4
370,Schwein,2014,Wolfgang Petry,12
371,Schwein,2010,Wolfgang Petry,5
372,Schwein,2007,Wolfgang Petry,1
373,Schwachkopf,2007,Dieter Thomas Heck,0
374,Weib,2007,Dieter Thomas Heck,0
375,Trottel,2007,Dieter Thomas Heck,0
376,Trottel,2007,Dieter Thomas Heck,0
377,Schwein,2007,Dieter Thomas Heck,0
378,Sau,2007,Dieter Thomas Heck,0
379,Weib,2007,Dieter Thomas Heck,0
380,Schwein,2007,Dieter Thomas Heck,0
381,Wichser,2007,Dieter Thomas Heck,0
382,Wichser,2007,Dieter Thomas Heck,0
383,Fuzzi,2007,Dieter Thomas Heck,0
384,Schwein,2007,Dieter Thomas Heck,0
385,Softie,2007,Dieter Thomas Heck,0
386,Schwuchtel,2007,Dieter Thomas Heck,0
387,Idiot,2007,Dieter Thomas Heck,0
388,Schwein,2007,Dieter Thomas Heck,0
389,Neger,2007,Dieter Thomas Heck,0
390,Weib,2007,Dieter Thomas Heck,0
391,Klassenfeind,2007,Dieter Thomas Heck,0
392,Schwein,2007,Dieter Thomas Heck,0
393,Weib,2007,Dieter Thomas Heck,0
394,Weib,2007,Dieter Thomas Heck,0
395,Weib,2007,Dieter Thomas Heck,0
396,Weib,2007,Dieter Thomas Heck,0
397,Weib,2007,Dieter Thomas Heck,0
398,Weib,2007,Dieter Thomas Heck,0
399,Weib,2007,Dieter Thomas Heck,0
400,Weib,2007,Dieter Thomas Heck,0
401,Weib,2007,Dieter Thomas Heck,0
402,Narr,2007,Dieter Thomas Heck,0
403,Neger,2007,Dieter Thomas Heck,0
404,Schwachkopf,2007,Dieter Thomas Heck,0
405,Bursche,2007,Dieter Thomas Heck,0
406,Schwein,2007,Dieter Thomas Heck,0
407,Wichser,2007,Dieter Thomas Heck,0
408,Wichser,2007,Dieter Thomas Heck,0
409,Fuzzi,2007,Dieter Thomas Heck,0
410,Schwein,2007,Dieter Thomas Heck,0
411,Softie,2007,Dieter Thomas Heck,0
412,Schwuchtel,2007,Dieter Thomas Heck,0
413,Idiot,2007,Dieter Thomas Heck,0
414,Schwein,2007,Dieter Thomas Heck,0
415,Neger,2007,Dieter Thomas Heck,0
416,Weib,2007,Dieter Thomas Heck,0
417,Fotze,2004,Wolfgang Petry,6
418,Hurensohn,2004,Wolfgang Petry,6
419,Fotze,2004,Wolfgang Petry,6
420,Hurensohn,2004,Wolfgang Petry,6
421,Stümper,2001,Wolfgang Petry,1
422,Weib,2001,Wolfgang Petry,1
423,Narr,2001,Wolfgang Petry,1
424,Spießbürger,2001,Wolfgang Petry,1
425,Weib,2001,Wolfgang Petry,1
426,Pfaffe,2001,Wolfgang Petry,1
427,Sau,2001,Wolfgang Petry,11
428,Idiot,2001,Wolfgang Petry,13
429,Sack,2001,Wolfgang Petry,27
430,Stümper,1998,Wolfgang Petry,10
431,Weib,1998,Wolfgang Petry,10
432,Narr,1998,Wolfgang Petry,10
433,Spießbürger,1998,Wolfgang Petry,10
434,Weib,1998,Wolfgang Petry,10
435,Pfaffe,1998,Wolfgang Petry,10
436,Stümper,1998,Wolfgang Petry,7
437,Weib,1998,Wolfgang Petry,7
438,Narr,1998,Wolfgang Petry,7
439,Spießbürger,1998,Wolfgang Petry,7
440,Weib,1998,Wolfgang Petry,7
441,Pfaffe,1998,Wolfgang Petry,7
442,Schwein,1998,Wolfgang Petry,12
443,Schwein,1998,Wolfgang Petry,12
444,Schwein,1998,Wolfgang Petry,12
445,Sack,1998,Wolfgang Petry,9
446,Idiot,1998,Wolfgang Petry,6
447,Chaot,1998,Wolfgang Petry,6
448,Schwein,1997,Wolfgang Petry,4
449,Stümper,1996,Wolfgang Petry,3
450,Weib,1996,Wolfgang Petry,3
451,Narr,1996,Wolfgang Petry,3
452,Spießbürger,1996,Wolfgang Petry,3
453,Weib,1996,Wolfgang Petry,3
454,Pfaffe,1996,Wolfgang Petry,3
455,Schwein,1995,Wolfgang Petry,9
456,Schwein,1994,Wolfgang Petry,26
457,Nazi,2019,8kids,19
458,Schwein,2023,ENGST,20
459,Hurensohn,2023,ENGST,18
460,Sack,2020,ENGST,30
461,Arschloch,2020,ENGST,25
462,Sau,2020,ENGST,21
463,Sack,2020,ENGST,21
464,Hurensohn,2016,KAFVKA,11
465,Chaotin,2018,Moop Mama,48
466,Arschloch,2016,Moop Mama,43
467,Bitch,2016,Moop Mama,31
468,Arschloch,2013,Moop Mama,17
469,Arschloch,2013,Moop Mama,17
470,Schlampe,2013,Moop Mama,23
471,Arschloch,2013,Moop Mama,48
472,Arschloch,2019,Dendemann,30
473,Nerd,2019,Das Lumpenpack,36
474,Sau,2019,Das Lumpenpack,42
475,Hurensohn,2019,Das Lumpenpack,33
476,Nazi,2019,Das Lumpenpack,37
477,Nazi,2019,Das Lumpenpack,37
478,Wichser,2006,B-Tight,33
479,Wichser,2006,B-Tight,33
480,Fotze,2006,B-Tight,33
481,Wichser,2006,B-Tight,33
482,Wichser,2006,B-Tight,33
483,Wichser,2006,B-Tight,33
484,Wichser,2006,B-Tight,33
485,Wichser,2006,B-Tight,33
486,Wichser,2006,B-Tight,33
487,Sack,2006,B-Tight,33
488,Wichser,2006,B-Tight,33
489,Wichser,2006,B-Tight,33
490,Wichser,2006,B-Tight,33
491,Wichser,2006,B-Tight,33
492,Hurensohn,2021,Bushido,59
493,Nutte,2006,Fler,35
494,Arschloch,2006,Eko Fresh,32
495,Bastard,2006,Eko Fresh,32
496,Sack,2006,Fler,34
497,Nazi,2006,Marsimoto,22
498,Nazi,2006,Marsimoto,22
499,Nazi,2006,Marsimoto,22
500,Nazi,2006,Marsimoto,22
501,Nazi,2006,Marsimoto,22
502,Nazi,2006,Marsimoto,22
503,Nazi,2006,Marsimoto,22
504,Nutte,2006,Kollegah,36
505,Bitch,2006,Kollegah,36
506,Muttersöhnchen,2006,Kollegah,36
507,Muttersöhnchen,2006,Kollegah,36
508,Muttersöhnchen,2006,Kollegah,36
509,Arschloch,2006,Eko Fresh,29
510,Bastard,2006,Eko Fresh,29
511,Krüppel,2021,Bushido,37
512,Nutte,2021,Bushido,37
513,Hure,2021,Bushido,37
514,Krüppel,2021,Bushido,37
515,Nutte,2006,Eko Fresh,22
516,Nutte,2006,Kollegah,34
517,Bitch,2006,Kollegah,34
518,Nutte,2006,Kollegah,34
519,Tunte,2006,Kollegah,34
520,Nutte,2006,Kollegah,32
521,Hure,2006,Kollegah,32
522,Hure,2006,Kollegah,32
523,Schwein,2006,Sido,35
524,Wichser,2006,Sido,35
525,Wichser,2006,Sido,35
526,Fuzzi,2006,Sido,35
527,Schwein,2006,Sido,35
528,Softie,2006,Sido,35
529,Schwuchtel,2006,Sido,35
530,Idiot,2006,Sido,35
531,Schwein,2006,Sido,35
532,Schlampe,2006,Sido,35
533,Wichser,2006,Sido,31
534,Wichser,2006,Sido,31
535,Sack,1998,Fünf Sterne deluxe,12
536,Macker,1998,Fünf Sterne deluxe,17
537,Macker,1998,Fünf Sterne deluxe,25
538,Lauch,1998,Fünf Sterne deluxe,29
539,Emanze,1998,Fünf Sterne deluxe,41
540,Hurensohn,2000,Fünf Sterne deluxe,7
541,Schwein,2000,Fünf Sterne deluxe,14
542,Schwein,2000,Fünf Sterne deluxe,14
543,Schwein,2017,Fünf Sterne deluxe,15
544,Macker,2017,Fünf Sterne deluxe,16
545,Tagedieb,2017,Fünf Sterne deluxe,16
546,Gauner,2017,Fünf Sterne deluxe,16
547,Gauner,2017,Fünf Sterne deluxe,20
548,Macker,2017,Fünf Sterne deluxe,12
549,Depp,2014,Fünf Sterne deluxe,3
550,Drückeberger,2000,Deichkind,37
551,Drückeberger,2000,Deichkind,37
552,Rabauke,2000,Beginner,29
553,Nutte,2000,Torch,34
554,Nigger,2000,Flowin IMMO,14
555,Nigger,2000,Flowin IMMO,14
556,Nigger,2000,Flowin IMMO,14
557,Nigger,2000,Flowin IMMO,14
558,Nigger,2000,Flowin IMMO,14
559,Nigger,2000,Flowin IMMO,14
560,Nigger,2000,Flowin IMMO,14
561,Nigger,2000,Flowin IMMO,14
562,Nigger,2000,Flowin IMMO,14
563,Nigger,2000,Flowin IMMO,14
564,Sack,2000,D-Flame,32
565,Bastard,2000,Taktloss,20
566,Nutte,2000,Taktloss,20
567,Nutte,2000,Taktloss,20
568,Nutte,2000,Taktloss,20
569,Sau,2019,Juju,56
570,Bitch,2019,Juju,48
571,Bitch,2019,Juju,48
572,Bitch,2019,Juju,48
573,Hurensohn,2019,Juju,53
574,Nutte,2019,Juju,53
575,Trottel,2023,VAN HOLZEN,39
576,Trottel,2023,VAN HOLZEN,39
577,Nutte,2023,VAN HOLZEN,39
578,Trottel,2023,VAN HOLZEN,39
579,Trottel,2023,VAN HOLZEN,39
580,Krüppel,2023,VAN HOLZEN,39
581,Bitch,2023,VAN HOLZEN,39
582,Lümmel,2023,VAN HOLZEN,39
583,Idiot,2023,VAN HOLZEN,39
584,Arschloch,2023,VAN HOLZEN,39
585,Stenz,2023,VAN HOLZEN,39
586,Wichser,2023,VAN HOLZEN,39
587,Wichser,2023,VAN HOLZEN,39
588,Bitch,2023,VAN HOLZEN,39
589,Trottel,2023,VAN HOLZEN,39
590,Trottel,2023,VAN HOLZEN,39
591,Mitläufer,2023,VAN HOLZEN,39
592,Bastard,2017,Wanda,26
593,Hurensohn,2017,Wanda,26
594,Hurensohn,2017,Wanda,26
595,Bastard,2017,Wanda,26
596,Arschloch,2014,Wanda,33
597,Sau,1998,Beginner,53
598,Nutte,1998,Beginner,29
599,Macker,1998,Beginner,30
600,Schwein,1998,Beginner,30
601,Griesgram,2003,Beginner,32
602,Spießer,2003,Beginner,23
603,Sau,2003,Beginner,40
604,Schwein,2003,Beginner,21
605,Hackfresse,2003,Beginner,19
606,Hure,2003,Beginner,30
607,Schwein,2003,Beginner,30
608,Pappnase,2003,Beginner,20
609,Sack,2016,Beginner,61
610,Sack,2016,Beginner,46
611,Sau,2016,Beginner,36
612,Schwein,2016,Beginner,29
613,Sack,2016,Beginner,29
614,Hurensohn,2023,Bonez MC,64
615,Sack,2023,Bonez MC,63
616,Sack,2023,Bonez MC,63
617,Sack,2023,Bonez MC,63
618,Schlampe,2023,Bonez MC,61
619,Schlampe,2023,Bonez MC,63
620,Sack,2023,Bonez MC,62
621,Hurensohn,2023,Bonez MC,64
622,Schlampe,2015,Gzuz,66
623,Hure,2015,Gzuz,56
624,Schlampe,2015,Gzuz,56
625,Hure,2015,Gzuz,44
626,Trottel,2015,Gzuz,44
627,Trottel,2015,Gzuz,44
628,Schlampe,2015,Gzuz,44
629,Nutte,2015,Gzuz,57
630,Arschloch,2015,Gzuz,57
631,Fotze,2015,Gzuz,57
632,Fotze,2015,Gzuz,42
633,Nutte,2015,Gzuz,42
634,Schlampe,2015,Gzuz,42
635,Fotze,2015,Gzuz,51
636,Wichser,2015,Gzuz,50
637,Wichser,2015,Gzuz,50
638,Sack,2015,Gzuz,39
639,Schlampe,2015,Gzuz,39
640,Arschloch,2015,Gzuz,39
641,Schlampe,2015,Gzuz,49
642,Schlampe,2015,Gzuz,49
643,Schlampe,2015,Gzuz,39
644,Schlampe,2016,Gzuz,56
645,Sack,2016,Gzuz,56
646,Schlampe,2016,Gzuz,59
647,Schlampe,2016,Gzuz,59
648,Macker,2016,Gzuz,60
649,Nutte,2016,Gzuz,47
650,Schlampe,2016,Gzuz,47
651,Luder,2016,Gzuz,47
652,Luder,2016,Gzuz,47
653,Fotze,2016,Gzuz,40
654,Schlampe,2020,Gzuz,43
655,Schlampe,2020,Gzuz,43
656,Schlampe,2020,Gzuz,43
657,Schlampe,2020,Gzuz,42
658,Schlampe,2020,Gzuz,40
659,Fotze,2020,Gzuz,54
660,Fotze,2020,Gzuz,54
661,Hurensohn,2014,Gzuz,50
662,Sack,2014,Gzuz,50
663,Wichser,2014,Gzuz,44
664,Wichser,2014,Gzuz,44
665,Lauch,2014,Bonez MC,50
666,Hurensohn,2014,Gzuz,43
667,Lauch,2014,Gzuz,49
668,Sack,2014,Gzuz,41
669,Sau,2014,Gzuz,54
670,Sack,2014,Gzuz,37
671,Sack,2014,Gzuz,37
672,Sack,2014,Gzuz,37
673,Sack,2014,Gzuz,37
674,Sack,2014,Gzuz,37
675,Sack,2014,Gzuz,37
676,Weib,1993,Megavier,9
677,Narr,1993,Megavier,9
678,Weib,1993,Megavier,9
679,Wurm,1993,Megavier,9
680,Weib,1993,Megavier,9
681,Weib,1993,Megavier,9
682,Sau,1995,Die Fantastischen Vier,37
683,Sack,1995,Die Fantastischen Vier,26
684,Sack,1995,Die Fantastischen Vier,26
685,Sack,1995,Die Fantastischen Vier,26
686,Schwein,1995,Die Fantastischen Vier,16
687,Schwein,1995,Die Fantastischen Vier,16
688,Schwein,1995,Die Fantastischen Vier,16
689,Schwein,1995,Die Fantastischen Vier,16
690,Sack,1995,Die Fantastischen Vier,33
691,Schwachkopf,1995,Die Fantastischen Vier,14
692,Weib,1995,Die Fantastischen Vier,14
693,Trottel,1995,Die Fantastischen Vier,14
694,Trottel,1995,Die Fantastischen Vier,14
695,Schwein,1995,Die Fantastischen Vier,14
696,Sau,1995,Die Fantastischen Vier,14
697,Weib,1995,Die Fantastischen Vier,14
698,Macker,1999,Die Fantastischen Vier,17
699,Sau,2004,Die Fantastischen Vier,25
700,Arschgesicht,2004,Die Fantastischen Vier,36
701,Schnösel,2004,Die Fantastischen Vier,20
702,Idiot,2007,Die Fantastischen Vier,47
703,Sack,2007,Die Fantastischen Vier,18
704,Sack,2007,Die Fantastischen Vier,18
705,Sau,2009,Die Fantastischen Vier,33
706,Arschloch,2009,Die Fantastischen Vier,21
707,Sau,2009,Die Fantastischen Vier,21
708,Nutte,2009,Die Fantastischen Vier,13
709,Hure,2009,Die Fantastischen Vier,13
710,Sack,2010,Die Fantastischen Vier,19
711,Depp,2010,Die Fantastischen Vier,19
712,Depp,2010,Die Fantastischen Vier,17
713,Besserwisser,2010,Die Fantastischen Vier,16
714,Sack,2010,Die Fantastischen Vier,16
715,Macker,2010,Die Fantastischen Vier,16
716,Besserwisser,2010,Die Fantastischen Vier,19
717,Schwein,2014,Die Fantastischen Vier,15
718,Schmock,2014,Die Fantastischen Vier,11
719,Sau,2014,Die Fantastischen Vier,11
720,Depp,2018,Die Fantastischen Vier,25
721,Idiot,2018,Die Fantastischen Vier,25
722,Fotze,2018,Die Fantastischen Vier,16
723,Hure,2018,Die Fantastischen Vier,16
724,Sack,2018,Die Fantastischen Vier,27
725,Nerd,2018,Die Fantastischen Vier,21
726,Nigger,2011,Fatoni,9
727,Nigger,2011,Fatoni,9
728,Hurensohn,2011,Fatoni,15
729,Hure,2011,Fatoni,15
730,Hure,2011,Fatoni,15
731,Hurensohn,2011,Fatoni,33
732,Sack,2011,Fatoni,13
733,Fotze,2011,Fatoni,13
734,Sack,2011,Fatoni,7
735,Hurensohn,2011,Fatoni,7
736,Hurensohn,2011,Fatoni,7
737,Hurensohn,2011,Fatoni,7
738,Hurensohn,2011,Fatoni,7
739,Hurensohn,2011,Fatoni,7
740,Nazi,2011,Fatoni,7
741,Bitch,2011,Fatoni,7
742,Nazi,2013,Fatoni,18
743,Idiot,2013,Fatoni,16
744,Bastard,2013,Fatoni,16
745,Nichtsnutz,2013,Fatoni,12
746,Nichtsnutz,2013,Fatoni,12
747,Idiot,2014,Fatoni,12
748,Arschloch,2014,Fatoni,12
749,Taugenichts,2014,Fatoni,12
750,Hure,2014,Fatoni,8
751,Stümper,2015,Fatoni,27
752,Hurensohn,2015,Fatoni,23
753,Schwein,2015,Fatoni,23
754,Idiot,2015,Fatoni,21
755,Wichser,2015,Fatoni,19
756,Wichser,2015,Fatoni,19
757,Bitch,2015,Fatoni,22
758,Weib,2015,Fatoni,22
759,Sack,2015,Fatoni,16
760,Hurensohn,2017,Fatoni,18
761,Bastard,2017,Fatoni,18
762,Nazi,2017,Fatoni,16
763,Sack,2017,Fatoni,30
764,Hurensohn,2017,Fatoni,30
765,Hurensohn,2017,Fatoni,30
766,Hurensohn,2017,Fatoni,30
767,Hurensohn,2017,Fatoni,30
768,Hurensohn,2017,Fatoni,30
769,Nazi,2017,Fatoni,30
770,Bitch,2017,Fatoni,30
771,Schlampe,2017,Mine,34
772,Schlampe,2017,Mine,34
773,Schlampe,2017,Mine,34
774,Wichser,2019,Fatoni,38
775,Wichser,2019,Fatoni,38
776,Sau,2019,Fatoni,21
777,Hurensohn,2019,Fatoni,21
778,Idiot,2021,Fatoni,29
779,Schwein,2021,Fatoni,24
780,Fotze,2021,Fatoni,36
781,Idiot,2021,Fatoni,36
782,Wichser,2021,Fatoni,36
783,Wichser,2021,Fatoni,36
784,Wichser,2021,Fatoni,36
785,Wichser,2021,Fatoni,36
786,Wichser,2021,Fatoni,25
787,Wichser,2021,Fatoni,25
788,Schwein,2021,Fatoni,27
789,Sau,2023,Fatoni,45
790,Wichser,2023,Fatoni,41
791,Wichser,2023,Fatoni,41
792,Idiot,2023,Fatoni,48
793,Wichser,2023,Fatoni,46
794,Wichser,2023,Fatoni,46
795,Wichser,2023,Fatoni,46
796,Wichser,2023,Fatoni,46
797,Sack,2023,Fatoni,46
798,Ignorant,2023,Fatoni,40
799,Sau,2023,Fatoni,40
800,Schwein,2023,Fatoni,41
801,Depp,2004,Max Herre,14
802,Luder,2009,Max Herre,10
803,Luder,2009,Max Herre,10
804,Besserwisser,1997,Blumentopf,23
805,Schwein,1997,Blumentopf,18
806,Sack,1997,Blumentopf,18
807,Luder,1997,Blumentopf,19
808,Luder,1997,Blumentopf,19
809,Weib,1997,Blumentopf,21
810,Weib,1997,Blumentopf,21
811,Weib,1997,Blumentopf,21
812,Weib,1997,Blumentopf,21
813,Weib,1997,Blumentopf,21
814,Weib,1997,Blumentopf,21
815,Weib,1997,Blumentopf,21
816,Weib,1997,Blumentopf,21
817,Weib,1997,Blumentopf,21
818,Narr,1997,Blumentopf,21
819,Neger,1997,Blumentopf,21
820,Schwachkopf,1997,Blumentopf,21
821,Bursche,1997,Blumentopf,21
822,Weib,1997,Blumentopf,14
823,Weib,1997,Blumentopf,14
824,Weib,1997,Blumentopf,14
825,Weib,1997,Blumentopf,14
826,Weib,1997,Blumentopf,14
827,Weib,1997,Blumentopf,14
828,Weib,1997,Blumentopf,14
829,Weib,1997,Blumentopf,14
830,Weib,1997,Blumentopf,14
831,Narr,1997,Blumentopf,14
832,Neger,1997,Blumentopf,14
833,Schwachkopf,1997,Blumentopf,14
834,Bursche,1997,Blumentopf,14
835,Weib,1997,Blumentopf,12
836,Weib,1997,Blumentopf,12
837,Weib,1997,Blumentopf,12
838,Weib,1997,Blumentopf,12
839,Weib,1997,Blumentopf,12
840,Weib,1997,Blumentopf,12
841,Weib,1997,Blumentopf,12
842,Weib,1997,Blumentopf,12
843,Weib,1997,Blumentopf,12
844,Narr,1997,Blumentopf,12
845,Neger,1997,Blumentopf,12
846,Schwachkopf,1997,Blumentopf,12
847,Bursche,1997,Blumentopf,12
848,Sau,1999,Blumentopf,28
849,Schwanzlutscher,1999,Blumentopf,19
850,Wichser,1999,Blumentopf,24
851,Wichser,1999,Blumentopf,24
852,Weib,1999,Blumentopf,18
853,Weib,1999,Blumentopf,18
854,Weib,1999,Blumentopf,18
855,Weib,1999,Blumentopf,18
856,Weib,1999,Blumentopf,18
857,Weib,1999,Blumentopf,18
858,Weib,1999,Blumentopf,18
859,Weib,1999,Blumentopf,18
860,Weib,1999,Blumentopf,18
861,Narr,1999,Blumentopf,18
862,Neger,1999,Blumentopf,18
863,Schwachkopf,1999,Blumentopf,18
864,Bursche,1999,Blumentopf,18
865,Schwein,1999,Blumentopf,37
866,Spießer,2001,Blumentopf,17
867,Spießer,2001,Blumentopf,17
868,Schwanzlutscher,2001,Blumentopf,12
869,Sack,2001,Blumentopf,32
870,Sau,2001,Blumentopf,13
871,Schwein,2001,Blumentopf,13
872,Depp,2001,Blumentopf,14
873,Trottel,2003,Blumentopf,33
874,Trottel,2003,Blumentopf,33
875,Schlampe,2003,Blumentopf,23
876,Sau,2003,Blumentopf,35
877,Lauch,2015,Schwesta Ewa,21
878,Lauch,2015,Schwesta Ewa,21
879,Nutte,2015,Schwesta Ewa,32
880,Nutte,2015,Schwesta Ewa,22
881,Nutte,2015,Schwesta Ewa,18
882,Hure,2015,Schwesta Ewa,19
883,Nutte,2015,Schwesta Ewa,19
884,Fotze,2015,Schwesta Ewa,19
885,Nutte,2015,Schwesta Ewa,21
886,Fotze,2015,Schwesta Ewa,21
887,Nutte,2015,Schwesta Ewa,21
888,Nutte,2015,Schwesta Ewa,21
889,Bastard,2015,Schwesta Ewa,25
890,Bitch,2018,Schwesta Ewa,44
891,Hure,2018,Schwesta Ewa,22
892,Hure,2018,Schwesta Ewa,22
893,Hure,2018,Schwesta Ewa,22
894,Hure,2018,Schwesta Ewa,34
895,Hure,2018,Schwesta Ewa,34
896,Hure,2018,Schwesta Ewa,34
897,Nutte,2018,Schwesta Ewa,23
898,Lauch,2018,Schwesta Ewa,23
899,Schwanzlutscher,2018,Schwesta Ewa,23
900,Hure,2018,Schwesta Ewa,43
901,Schlampe,2018,Schwesta Ewa,35
902,Nutte,2018,Schwesta Ewa,35
903,Schlampe,2018,Schwesta Ewa,35
904,Nutte,2018,Schwesta Ewa,35
905,Schlampe,2018,Schwesta Ewa,35
906,Nutte,2018,Schwesta Ewa,35
907,Schlampe,2018,Schwesta Ewa,35
908,Nutte,2018,Schwesta Ewa,35
909,Schlampe,2018,Schwesta Ewa,35
910,Nutte,2018,Schwesta Ewa,35
911,Schlampe,2018,Schwesta Ewa,35
912,Nutte,2018,Schwesta Ewa,35
913,Bitch,2018,Schwesta Ewa,40
914,Fotze,2018,Schwesta Ewa,22
915,Fotze,2018,Schwesta Ewa,22
916,Wichser,2018,Schwesta Ewa,50
917,Wichser,2018,Schwesta Ewa,50
918,Bastard,2020,Schwesta Ewa,22
919,Bastard,2020,Schwesta Ewa,22
920,Nutte,2022,Schwesta Ewa,27
921,Handlanger,2022,Schwesta Ewa,18
922,Nutte,2022,Schwesta Ewa,20
923,Hurensohn,2022,Schwesta Ewa,21
924,Hurensohn,2022,Schwesta Ewa,21
925,Hexe,1995,Schwester S.,9
926,Idiot,1995,Schwester S.,6
927,Wurm,1995,Schwester S.,6
928,Narr,1995,Schwester S.,8
929,Schlampe,1997,Sabrina Setlur,10
930,Sack,1997,Sabrina Setlur,10
931,Sack,1997,Sabrina Setlur,10
932,Wichser,1997,Sabrina Setlur,43
933,Wichser,1997,Sabrina Setlur,43
934,Depp,1997,Sabrina Setlur,43
935,Schlampe,1997,Sabrina Setlur,11
936,Fotze,1999,Sabrina Setlur,3
937,Fotze,1999,Sabrina Setlur,0
938,Idiot,1999,Sabrina Setlur,0
939,Schlampe,2012,Tic Tac Toe,41
940,Hurensohn,2017,SXTN,56
941,Hurensohn,2017,SXTN,56
942,Hure,2017,SXTN,54
943,Bitch,2017,SXTN,54
944,Hure,2017,SXTN,54
945,Schlampe,2017,SXTN,56
946,Hurensohn,2017,SXTN,56
947,Schlampe,2017,SXTN,56
948,Lauch,2017,SXTN,45
949,Weib,2017,SXTN,45
950,Schlampe,2017,SXTN,45
951,Schlampe,2017,SXTN,45
952,Idiot,2017,SXTN,45
953,Schlampe,2017,SXTN,45
954,Schlampe,2017,SXTN,45
955,Bitch,2016,SXTN,53
956,Hurensohn,2016,SXTN,53
957,Hurensohn,2016,SXTN,53
958,Hure,2016,SXTN,53
959,Hurensohn,2016,SXTN,53
960,Hurensohn,2016,SXTN,53
961,Hurensohn,2016,SXTN,53
962,Hure,2016,SXTN,53
963,Hurensohn,2016,SXTN,53
964,Hurensohn,2016,SXTN,53
965,Hurensohn,2016,SXTN,53
966,Hure,2016,SXTN,53
967,Hurensohn,2016,SXTN,53
968,Fotze,2016,SXTN,61
969,Schlampe,2016,SXTN,61
970,Nutte,2016,SXTN,61
971,Fotze,2016,SXTN,61
972,Nutte,2016,SXTN,61
973,Nutte,2016,SXTN,61
974,Hure,2016,SXTN,61
975,Fotze,2016,SXTN,61
976,Trottel,2016,SXTN,65
977,Trottel,2016,SXTN,65
978,Hurensohn,2023,Takt32,63
979,Schwein,2020,Alligatoah,67
980,Fotze,2013,Alligatoah,64
981,Wichser,2022,Alligatoah,63
982,Wichser,2022,Alligatoah,63
983,Arschloch,2022,Alligatoah,63
984,Hackfresse,2021,K.I.Z,65
985,Hackfresse,2021,K.I.Z,65
986,Hurensohn,2011,K.I.Z,62
987,Hurensohn,2011,K.I.Z,62
988,Nutte,2007,K.I.Z,52
989,Hurensohn,2007,K.I.Z,52
990,Sack,2007,K.I.Z,52
991,Fotze,2007,K.I.Z,51
992,Luder,2007,K.I.Z,51
993,Luder,2007,K.I.Z,51
994,Nutte,2007,K.I.Z,51
995,Hurensohn,2007,K.I.Z,49
996,Fotze,2007,K.I.Z,49
997,Schlampe,2007,K.I.Z,36
998,Sack,2007,K.I.Z,36
999,Sack,2007,K.I.Z,37
1000,Arschloch,2007,K.I.Z,37
1001,Schlampe,2007,K.I.Z,37
1002,Schlampe,2007,K.I.Z,36
1003,Schlampe,2007,K.I.Z,36
1004,Hurensohn,2007,K.I.Z,58
1005,Fotze,2007,K.I.Z,58
1006,Sack,2007,K.I.Z,58
1007,Fotze,2007,K.I.Z,34
1008,Sack,2007,K.I.Z,35
1009,Sau,2007,K.I.Z,39
1010,Sack,2007,K.I.Z,39
1011,Sack,2007,K.I.Z,39
1012,Sau,2009,K.I.Z,34
1013,Sau,2009,K.I.Z,34
1014,Sau,2009,K.I.Z,34
1015,Sau,2009,K.I.Z,34
1016,Sau,2009,K.I.Z,34
1017,Sau,2009,K.I.Z,34
1018,Sau,2009,K.I.Z,34
1019,Sau,2009,K.I.Z,49
1020,Schlampe,2009,K.I.Z,36
1021,Nazi,2009,K.I.Z,36
1022,Sozialschmarotzer,2009,K.I.Z,36
1023,Nazi,2009,K.I.Z,42
1024,Schlampe,2009,K.I.Z,36
1025,Schwein,2009,K.I.Z,35
1026,Hurensohn,2009,K.I.Z,43
1027,Hure,2009,K.I.Z,37
1028,Weib,2009,K.I.Z,37
1029,Schlampe,2009,K.I.Z,37
1030,Arschloch,2009,K.I.Z,45
1031,Arschloch,2009,K.I.Z,45
1032,Arschloch,2009,K.I.Z,45
1033,Schlampe,2009,K.I.Z,38
1034,Wichser,2009,K.I.Z,36
1035,Wichser,2009,K.I.Z,36
1036,Sack,2009,K.I.Z,42
1037,Sack,2009,K.I.Z,42
1038,Fotze,2009,K.I.Z,42
1039,Sack,2009,K.I.Z,31
1040,Prolet,2009,K.I.Z,31
1041,Rüpel,2009,K.I.Z,31
1042,Sau,2009,K.I.Z,31
1043,Sack,2011,K.I.Z,38
1044,Hurensohn,2011,K.I.Z,41
1045,Macker,2011,K.I.Z,40
1046,Sau,2011,K.I.Z,40
1047,Arschloch,2011,K.I.Z,40
1048,Sau,2011,K.I.Z,40
1049,Idiot,2011,K.I.Z,34
1050,Hexe,2011,K.I.Z,34
1051,Schwein,2011,K.I.Z,34
1052,Bastard,2011,K.I.Z,38
1053,Fotze,2011,K.I.Z,38
1054,Bastard,2011,K.I.Z,38
1055,Bastard,2011,K.I.Z,38
1056,Nutte,2011,K.I.Z,38
1057,Bastard,2011,K.I.Z,38
1058,Bastard,2011,K.I.Z,38
1059,Bastard,2011,K.I.Z,38
1060,Bastard,2011,K.I.Z,38
1061,Nutte,2011,K.I.Z,39
1062,Sack,2011,K.I.Z,39
1063,Bastard,2011,K.I.Z,39
1064,Nutte,2011,K.I.Z,40
1065,Sack,2011,K.I.Z,40
1066,Schlampe,2011,K.I.Z,40
1067,Sack,2011,K.I.Z,53
1068,Schlampe,2011,K.I.Z,38
1069,Wichser,2011,K.I.Z,38
1070,Wichser,2011,K.I.Z,38
1071,Hurensohn,2013,K.I.Z,42
1072,Schlampe,2013,K.I.Z,42
1073,Nutte,2013,K.I.Z,42
1074,Schlampe,2013,K.I.Z,42
1075,Hurensohn,2013,K.I.Z,42
1076,Schlampe,2013,K.I.Z,42
1077,Bastard,2013,K.I.Z,42
1078,Hurensohn,2013,K.I.Z,42
1079,Schlampe,2013,K.I.Z,42
1080,Sau,2013,K.I.Z,47
1081,Tunte,2013,K.I.Z,47
1082,Sack,2013,K.I.Z,36
1083,Nutte,2013,K.I.Z,50
1084,Schlampe,2013,K.I.Z,50
1085,Schlampe,2013,K.I.Z,50
1086,Schwein,2013,K.I.Z,50
1087,Schlampe,2013,K.I.Z,50
1088,Schlampe,2013,K.I.Z,50
1089,Nutte,2013,K.I.Z,50
1090,Nutte,2013,K.I.Z,33
1091,Nutte,2013,K.I.Z,42
1092,Schlampe,2013,K.I.Z,42
1093,Nutte,2013,K.I.Z,42
1094,Schlampe,2015,K.I.Z,43
1095,Sozialschmarotzer,2015,K.I.Z,56
1096,Mitläufer,2015,K.I.Z,44
1097,Schlampe,2015,K.I.Z,52
1098,Idiot,2015,K.I.Z,52
1099,Idiot,2015,K.I.Z,52
1100,Idiot,2015,K.I.Z,52
1101,Hure,2015,K.I.Z,43
1102,Idiot,2015,K.I.Z,43
1103,Schlampe,2015,K.I.Z,56
1104,Nutte,2015,K.I.Z,56
1105,Schlampe,2015,K.I.Z,56
1106,Nutte,2020,K.I.Z,50
1107,Nutte,2020,K.I.Z,49
1108,Nutte,2020,K.I.Z,49
1109,Nutte,2020,K.I.Z,49
1110,Nutte,2020,K.I.Z,49
1111,Nutte,2020,K.I.Z,49
1112,Nutte,2020,K.I.Z,49
1113,Nutte,2020,K.I.Z,49
1114,Nutte,2020,K.I.Z,49
1115,Hurensohn,2020,K.I.Z,42
1116,Bitch,2020,K.I.Z,42
1117,Nutte,2020,K.I.Z,42
1118,Bitch,2020,K.I.Z,42
1119,Sau,2020,K.I.Z,42
1120,Bitch,2020,K.I.Z,39
1121,Hurensohn,2020,K.I.Z,42
1122,Hurensohn,2020,K.I.Z,43
1123,Nutte,2020,K.I.Z,50
1124,Wichser,2021,K.I.Z,48
1125,Wichser,2021,K.I.Z,48
1126,Schwuchtel,2022,K.I.Z,56
1127,Spießer,2022,K.I.Z,56
1128,Nazi,2021,Danger Dan,44
1129,Wichser,2018,Danger Dan,37
1130,Wichser,2018,Danger Dan,37
1131,Wichser,2018,Danger Dan,37
1132,Wichser,2018,Danger Dan,37
1133,Taugenichts,2018,Danger Dan,36
1134,Trottel,2018,Danger Dan,36
1135,Trottel,2018,Danger Dan,36
1136,Lauch,2018,Danger Dan,49
1137,Vandale,2018,Danger Dan,34
1138,Sack,2018,Danger Dan,39
1139,Arschloch,2012,NMZS,33
1140,Hurensohn,2012,NMZS,34
1141,Hurensohn,2012,Danger Dan,30
1142,Wichser,2012,Danger Dan,28
1143,Wichser,2012,Danger Dan,28
1144,Idiot,2012,Danger Dan,18
1145,Idiot,2012,Danger Dan,18
1146,Idiot,2012,Danger Dan,18
1147,Idiot,2012,Danger Dan,18
1148,Idiot,2012,Danger Dan,18
1149,Idiot,2012,Danger Dan,18
1150,Idiot,2012,Danger Dan,18
1151,Idiot,2012,Danger Dan,18
1152,Idiot,2012,Danger Dan,18
1153,Idiot,2012,Danger Dan,18
1154,Idiot,2012,Danger Dan,18
1155,Idiot,2012,Danger Dan,18
1156,Idiot,2012,Danger Dan,18
1157,Idiot,2012,Danger Dan,18
1158,Idiot,2012,Danger Dan,18
1159,Idiot,2012,Danger Dan,18
1160,Idiot,2012,Danger Dan,18
1161,Idiot,2012,Danger Dan,18
1162,Idiot,2012,Danger Dan,18
1163,Idiot,2012,Danger Dan,18
1164,Idiot,2012,Danger Dan,18
1165,Idiot,2012,Danger Dan,18
1166,Idiot,2012,Danger Dan,18
1167,Idiot,2012,Danger Dan,18
1168,Idiot,2012,Danger Dan,18
1169,Idiot,2012,Danger Dan,18
1170,Idiot,2012,Danger Dan,18
1171,Idiot,2012,Danger Dan,18
1172,Idiot,2012,Danger Dan,18
1173,Idiot,2012,Danger Dan,18
1174,Hurensohn,2012,Danger Dan,18
1175,Taugenichts,2023,BRUCKNER,55
1176,Bursche,2023,Juli Gilde,39
1177,Schwein,2023,Juli Gilde,39
1178,Wurm,2023,Juli Gilde,39
1179,Wurm,2023,Juli Gilde,39
1180,Pedant,2023,Juli Gilde,39
1181,Wurm,2023,Juli Gilde,39
1182,Narr,2023,toksi,35
1183,Weib,2023,toksi,35
1184,Arschloch,2017,Faber,43
1185,Nutte,2017,Faber,43
1186,Arschloch,2017,Faber,43
1187,Arschloch,2017,Faber,43
1188,Nutte,2017,Faber,43
1189,Sack,2016,Matze Rossi,38
1190,Sau,2016,Matze Rossi,38
1191,Schlampe,2016,Matze Rossi,38
1192,Bitch,2022,ELIF,47
1193,Mistvieh,2005,Fettes Brot,62
1194,Weib,1997,Rammstein,46
1195,Weib,1997,Rammstein,46
1196,Weib,1997,Rammstein,46
1197,Weib,2005,Rammstein,65
1198,Besserwisser,2023,Madsen,47
1199,Sau,2016,Jennifer Rostock,49
1200,Schlampe,2020,Die Sterne,0
1201,Sau,2018,Theodor Shitstorm,39
1202,Nestbeschmutzer,2019,Thees Uhlmann,36
1203,Hurensohn,2018,Husten,11
1204,Hurensohn,2018,Husten,11
1205,Hurensohn,2018,Husten,11
1206,Idiot,2006,FOTOS,28
1207,Idiot,2006,FOTOS,28
1208,Nutte,2020,Helgen,7
1209,Schwuchtel,2021,Milliarden,10
1210,Schwein,2021,Milliarden,10
1211,Schwein,2005,Ich + Ich,0
1212,Sack,2005,Ich + Ich,0
1213,Mistvieh,2005,Fettes Brot,2
1214,Schwein,2007,Nena,25
1215,Sack,2007,Nena,25
1216,Sau,2009,Sido,0
1217,Rüpel,2007,Sido,29
1218,Wichser,2008,Fettes Brot,0
1219,Wichser,2008,Fettes Brot,0
1220,Sack,2009,Sido,48
1221,Weib,2007,Wir sind Helden,25
1222,Sack,2012,Tic Tac Toe,36
1223,Spießer,2008,Dynamite Deluxe,38
1224,Sack,2000,Die Ärzte,0
1225,Idiot,2012,Tic Tac Toe,21
1226,Sack,2008,Thomas D,11
1227,Schwein,2003,Curse,40
1228,Depp,2003,Curse,40
1229,Schlampe,2006,LaFee,13
1230,Schlampe,2006,LaFee,13
1231,Tagedieb,2004,Die Toten Hosen,35
1232,Luder,2002,Die Toten Hosen,25
1233,Luder,2002,Die Toten Hosen,25
1234,Hure,2007,Sebastian Hämer,5
1235,Wichser,2017,Nena,0
1236,Wichser,2017,Nena,0
1237,Hure,2006,Rapsoul,28
1238,Bonze,2006,Rapsoul,28
1239,Sack,2006,Valentin Stilu,19
1240,Sack,2006,Valentin Stilu,19
1241,Schwein,2009,Culcha Candela,0
1242,Fotze,2014,Andreas Dorau,4
1243,Bastard,2014,Andreas Dorau,4
1244,Nutte,2014,Andreas Dorau,4
1245,Schwein,2005,Dorau,2
1246,Sack,2005,Dorau,2
1247,Prolet,2004,Eko Fresh,0
1248,Stenz,2004,Eko Fresh,0
1249,Nutte,2004,Eko Fresh,0
1250,Trottel,2004,Eko Fresh,0
1251,Trottel,2004,Eko Fresh,0
1252,Stenz,2004,Eko Fresh,0
1253,Wichser,2004,Eko Fresh,0
1254,Wichser,2004,Eko Fresh,0
1255,Wichser,2004,Eko Fresh,0
1256,Wichser,2004,Eko Fresh,0
1257,Kümmeltürke,2004,Eko Fresh,0
1258,Sau,2004,Eko Fresh,0
1259,Idiot,2004,Eko Fresh,0
1260,Schlampe,2006,Liza Li,34
1261,Sack,2014,Hämatom,49
1262,Strolch,2008,In Extremo,0
1263,Strolch,2008,In Extremo,0
1264,Luder,2012,Megaherz,51
1265,Luder,2012,Megaherz,51
1266,Nutte,2012,Megaherz,51
1267,Luder,2012,Megaherz,51
1268,Luder,2012,Megaherz,51
1269,Weib,2012,Megaherz,51
1270,Schlampe,2012,Eisbrecher,47
1271,Schlampe,2012,Eisbrecher,47
1272,Nazi,2015,Adam Angst,0
1273,Nazi,2015,Adam Angst,0
1274,Schwein,2011,Broilers,0
1275,Bursche,2014,Coppelius,23
1276,Schwein,2014,Coppelius,23
1277,Wurm,2014,Coppelius,23
1278,Wurm,2014,Coppelius,23
1279,Pedant,2014,Coppelius,23
1280,Wurm,2014,Coppelius,23
1281,Bastard,2013,Coppelius,31
1282,Sau,2016,Sondaschule,0
1283,Arschloch,2016,Serum 114,0
1284,Bastard,2012,Callejon,37
1285,Hexe,2013,In Extremo,45
1286,Hexe,2013,In Extremo,45
1287,Hexe,2013,In Extremo,45
1288,Hexe,2013,In Extremo,45
1289,Sack,2010,Störte.Priester,41
1290,Schwein,2011,Broilers,64
1291,Sack,2011,Broilers,54
1292,Sack,2002,Sondaschule,30
1293,Schwein,2002,Sondaschule,9
1294,Sack,2002,Sondaschule,9
1295,Schwein,2002,Sondaschule,9
1296,Sau,2002,Sondaschule,8
1297,Trottel,2023,Swiss & Die Andern,46
1298,Trottel,2023,Swiss & Die Andern,46
1299,Idiot,2023,Swiss & Die Andern,46
1300,Sack,1999,Die Kassierer,42
1301,Sau,1999,Die Kassierer,42
1302,Sack,2003,Die Kassierer,37
1303,Hurensohn,1999,Die Kassierer,33
1304,Wichser,1999,Die Kassierer,33
1305,Wichser,1999,Die Kassierer,33
1306,Nutte,1999,Die Kassierer,33
1307,Sau,1994,Wizo,40
1308,Sau,1994,Wizo,40
1309,Sau,1994,Wizo,40
1310,Sau,1994,Wizo,40
1311,Sau,1994,Wizo,40
1312,Sau,1994,Wizo,40
1313,Sau,1994,Wizo,40
1314,Sau,1994,Wizo,40
1315,Sau,1994,Wizo,40
1316,Sau,1994,Wizo,40
1317,Sau,1994,Wizo,40
1318,Sau,1994,Wizo,40
1319,Sau,1994,Wizo,40
1320,Sau,1994,Wizo,40
1321,Idiot,2017,Prinz Pi,51
1322,Idiot,2017,Prinz Pi,51
1323,Nazi,2023,Prinz Pi,50
1324,Idiot,2023,Prinz Pi,50
1325,Idiot,2023,Prinz Pi,42
1326,Wichser,2023,Prinz Pi,42
1327,Wichser,2023,Prinz Pi,42
1328,Wichser,2023,Prinz Pi,42
1329,Wichser,2023,Prinz Pi,42
1330,Wichser,2019,KUMMER,51
1331,Wichser,2019,KUMMER,51
1332,Wichser,2019,KUMMER,51
1333,Wichser,2019,KUMMER,51
1334,Wichser,2019,KUMMER,51
1335,Wichser,2019,KUMMER,51
1336,Wichser,2019,KUMMER,51
1337,Wichser,2019,KUMMER,51
1338,Wichser,2019,KUMMER,51
1339,Wichser,2019,KUMMER,51
1340,Wichser,2019,KUMMER,51
1341,Wichser,2019,KUMMER,51
1342,Wichser,2019,KUMMER,51
1343,Wichser,2019,KUMMER,51
1344,Spießer,2012,SDP,63
1345,Spießer,2021,Jan Delay,59
1346,Trottel,1996,Fettes Brot,60
1347,Trottel,1996,Fettes Brot,60
1348,Nutte,2014,Sido,64
1349,Sack,2012,Sido,40
1350,Wichser,2006,Jan Delay,44
1351,Wichser,2006,Jan Delay,44
1352,Schlampe,2016,SSIO,63
1353,Hure,2016,SSIO,63
1354,Nutte,2016,SSIO,63
1355,Nutte,2016,SSIO,63
1356,Nutte,2016,SSIO,63
1357,Nutte,2016,SSIO,63
1358,Nutte,2016,SSIO,63
1359,Nutte,2016,SSIO,63
1360,Hure,2016,SSIO,63
1361,Sau,1999,Beginner,37
1362,Idiot,2016,Samy Deluxe,48
1363,Stümper,1998,Fettes Brot,33
1364,Rotzlöffel,2013,Die Firma,28
1365,Griesgram,1998,Fettes Brot,29
1366,Bitch,2014,Spax,23
1367,Fotze,2014,Spax,23
1368,Schwein,1998,Freundeskreis,24
1369,Wichser,1998,Freundeskreis,24
1370,Wichser,1998,Freundeskreis,24
1371,Fuzzi,1998,Freundeskreis,24
1372,Schwein,1998,Freundeskreis,24
1373,Softie,1998,Freundeskreis,24
1374,Schwuchtel,1998,Freundeskreis,24
1375,Idiot,1998,Freundeskreis,24
1376,Schwein,1998,Freundeskreis,24
1377,Nutte,2013,Toni-L,17
1378,Nutte,2013,Toni-L,17
1379,Faulpelz,2015,ASD,33
1380,Wichser,2021,Megaloh,27
1381,Wichser,2021,Megaloh,27
1382,Fotze,2021,Megaloh,27
1383,Spießer,2015,ASD,25
1384,Neger,2015,Afrob,36
1385,Ignorant,2022,DJ Ötzi,8
1386,Hurensohn,2017,DJ Ötzi,18
1387,Nutte,2017,DJ Ötzi,18
1388,Sack,2017,DJ Ötzi,18
1389,Nutte,2017,DJ Ötzi,18
1390,Sau,2017,DJ Ötzi,18
1391,Lauch,2017,DJ Ötzi,18
1392,Hurensohn,2017,DJ Ötzi,32
1393,Nutte,2017,DJ Ötzi,32
1394,Sack,2017,DJ Ötzi,32
1395,Nutte,2017,DJ Ötzi,32
1396,Sau,2017,DJ Ötzi,32
1397,Lauch,2017,DJ Ötzi,32
1398,Schwein,2013,DJ Ötzi,13
1399,Schwein,2013,DJ Ötzi,13
1400,Schwein,2013,DJ Ötzi,13
1401,Hurensohn,2013,DJ Ötzi,13
1402,Nutte,2013,DJ Ötzi,13
1403,Sack,2013,DJ Ötzi,13
1404,Nutte,2013,DJ Ötzi,13
1405,Sau,2013,DJ Ötzi,13
1406,Lauch,2013,DJ Ötzi,13
1407,Nutte,2010,DJ Ötzi,7
1408,Bastard,2010,DJ Ötzi,5
1409,Bastard,2010,DJ Ötzi,5
1410,Rowdy,2002,DJ Ötzi,2
1411,Rowdy,2002,DJ Ötzi,2
1412,Weib,2020,Rammstein,26
1413,Fotze,2017,Trailerpark,41
1414,Nutte,2017,Trailerpark,41
1415,Krüppel,2017,Trailerpark,51
1416,Bitch,2017,Trailerpark,62
1417,Schlampe,2017,Trailerpark,44
1418,Sack,2017,Trailerpark,34
1419,Hure,2017,Trailerpark,47
1420,Schlampe,2017,Trailerpark,47
1421,Nutte,2017,Trailerpark,47
1422,Nutte,2017,Trailerpark,37
1423,Spießer,2014,Trailerpark,50
1424,Schlampe,2014,Trailerpark,50
1425,Arschloch,2014,Trailerpark,66
1426,Fotze,2014,Trailerpark,58
1427,Arschloch,2014,Trailerpark,51
1428,Schlampe,2014,Trailerpark,51
1429,Hurensohn,2014,Trailerpark,40
1430,Schlampe,2014,Trailerpark,40
1431,Fotze,2014,Trailerpark,39
1432,Lauch,2014,Trailerpark,45
1433,Fotze,2014,Trailerpark,39
1434,Wichser,2014,Trailerpark,39
1435,Wichser,2014,Trailerpark,39
1436,Fotze,2014,Trailerpark,41
1437,Schwuchtel,2014,Trailerpark,41
1438,Nutte,2014,Trailerpark,32
1439,Nutte,2014,Trailerpark,32
1440,Ungeheuer,2014,Glasperlenspiel,15
1441,Sack,2014,Glasperlenspiel,12
1442,Nazi,2006,Silbermond,21
1443,Lauch,2018,Nena,18
1444,Bonze,2018,Nena,18
1445,Trottel,2018,Nena,18
1446,Trottel,2018,Nena,18
1447,Sau,2018,Nena,18
1448,Bitch,2018,Nena,18
1449,Depp,2018,Nena,18
1450,Warmduscher,2018,Nena,33
1451,Hurensohn,2018,Nena,33
1452,Hurensohn,2018,Nena,33
1453,Schwein,2018,Nena,15
1454,Sack,2018,Nena,15
1455,Schlampe,2018,Nena,17
1456,Idiot,2018,Nena,25
1457,Hure,2018,Nena,17
1458,Hure,2018,Nena,17
1459,Bitch,2018,Nena,17
1460,Hurensohn,2018,Nena,17
1461,Bastard,2018,Nena,35
1462,Schwein,2018,Nena,35
1463,Nutte,2018,Nena,35
1464,Weib,1999,Nena,1
1465,Wichser,1999,Nena,1
1466,Wichser,1999,Nena,1
1467,Wichser,1999,Nena,1
1468,Wichser,1999,Nena,1
1469,Weib,1999,Nena,1
1470,Vollpfosten,1999,Nena,1
1471,Hure,1999,Nena,1
1472,Schwachkopf,1999,Nena,3
1473,Weib,1999,Nena,3
1474,Trottel,1999,Nena,3
1475,Trottel,1999,Nena,3
1476,Schwein,1999,Nena,3
1477,Sau,1999,Nena,3
1478,Weib,1999,Nena,3
1479,Bastard,1999,Nena,1
1480,Schwein,1999,Nena,1
1481,Fotze,1999,Nena,0
1482,Sau,1999,Nena,0
1483,Fotze,1999,Nena,0
1484,Schwein,1999,Nena,1
1485,Idiot,1999,Nena,1
1486,Hurensohn,1999,Nena,1
1487,Sack,1999,Nena,1
1488,Bastard,1999,Nena,1
1489,Schlampe,1997,Nena,0
1490,Bitch,1997,Nena,0
1491,Hurensohn,1997,Nena,0
1492,Weib,1997,Nena,5
1493,Weib,1997,Nena,0
1494,Weib,1997,Nena,0
1495,Weib,1997,Nena,0
1496,Weib,1997,Nena,0
1497,Weib,1997,Nena,0
1498,Weib,1997,Nena,0
1499,Weib,1997,Nena,0
1500,Weib,1997,Nena,0
1501,Weib,1997,Nena,0
1502,Narr,1997,Nena,0
1503,Neger,1997,Nena,0
1504,Schwachkopf,1997,Nena,0
1505,Bursche,1997,Nena,0
1506,Weib,1997,Nena,3
1507,Weib,1997,Nena,3
1508,Weib,1997,Nena,3
1509,Weib,1997,Nena,3
1510,Weib,1997,Nena,3
1511,Weib,1997,Nena,3
1512,Weib,1997,Nena,3
1513,Weib,1997,Nena,3
1514,Weib,1997,Nena,3
1515,Narr,1997,Nena,3
1516,Neger,1997,Nena,3
1517,Schwachkopf,1997,Nena,3
1518,Bursche,1997,Nena,3
1519,Weib,1997,Nena,0
1520,Weib,1997,Nena,0
1521,Weib,1997,Nena,0
1522,Weib,1997,Nena,0
1523,Weib,1997,Nena,0
1524,Weib,1997,Nena,0
1525,Weib,1997,Nena,0
1526,Weib,1997,Nena,0
1527,Weib,1997,Nena,0
1528,Narr,1997,Nena,0
1529,Neger,1997,Nena,0
1530,Schwachkopf,1997,Nena,0
1531,Bursche,1997,Nena,0
1532,Sack,1995,Nena,21
