Playlist;Wort;Geschlecht
Songs22;Bobby;n
Songs22;CELINE;w
Songs22;BILLY;m
Songs22;JOSEPHINE;w
Songs22;JULIANE;w
Songs22;JEANNY;w
Songs22;GREGORY;m
Songs22;ELLIE;w
Songs22;JESS;n
Songs22;ALICIA;w
Songs22;ALICIA;w
Songs22;JESS;n
Songs22;CELINE;w
Songs22;BILLY;m
Songs22;JOSEPHINE;w
Songs22;JULIANE;w
Songs22;JEANNY;w
Songs22;GREGORY;m
Songs22;ELLIE;w
Songs22;JESS;n
Songs22;ALICIA;w
Songs22;ALICIA;w
Songs22;JESS;n
Songs90er;Bonnie;w
Songs90er;Bonnie;w
Songs90er;Bonnie;w
Songs90er;Bonnie;w
Songs90er;Bonnie;w
Songs90er;Bonnie;w
Songs90er;Bonnie;w
Beliebteste;Bobby;n
Beliebteste;CELINE;w
Beliebteste;BILLY;m
Beliebteste;JOSEPHINE;w
Beliebteste;JULIANE;w
Beliebteste;JEANNY;w
Beliebteste;GREGORY;m
Beliebteste;ELLIE;w
Beliebteste;JESS;n
Beliebteste;ALICIA;w
Beliebteste;ALICIA;w
Beliebteste;JESS;n
Beliebteste;CELINE;w
Beliebteste;BILLY;m
Beliebteste;JOSEPHINE;w
Beliebteste;JULIANE;w
Beliebteste;JEANNY;w
Beliebteste;GREGORY;m
Beliebteste;ELLIE;w
Beliebteste;JESS;n
Beliebteste;ALICIA;w
Beliebteste;ALICIA;w
Beliebteste;JESS;n
Songs22;A-N-N-A;w
Songs22;GIGI;w
Songs22;GARY;m
Songs22;GIGI;w
Songs22;BILLIE;n
Songs22;GIGI;w
Songs22;GARY;m
Songs22;GIGI;w
Songs22;BILLIE;n
Songs90er;A-N-N-A;w
Songs90er;A-N-N-A;w
Songs90er;A-N-N-A;w
Songs90er;A-N-N-A;w
Songs90er;A-N-N-A;w
Songs90er;A-N-N-A;w
Songs90er;A-N-N-A;w
Beliebteste;A-N-N-A;w
Beliebteste;GIGI;w
Beliebteste;GARY;m
Beliebteste;GIGI;w
Beliebteste;BILLIE;n
Beliebteste;GIGI;w
Beliebteste;GARY;m
Beliebteste;GIGI;w
Beliebteste;BILLIE;n
