Playlist;Wort
Songs22;Frau
Songs22;Mann
Songs22;Mann
Songs22;Frauen
Songs22;Mann
Songs22;Mann
Songs22;Girls
Songs22;Girls
Songs22;Girls
Songs22;Mann
Songs22;Mann
Songs22;Frau
Songs22;Frau
Songs22;Frauen
Songs22;Frau
Songs22;Frau
Songs22;Typ
Songs22;Chick
Songs22;Frauen
Songs22;Chicks
Songs22;Mann
Songs22;Frau
Songs22;Mann
Songs22;Nutten
Songs22;Mann
Songs22;Mann
Songs22;Frau
Songs22;Bitch
Songs22;Mann
Songs22;Jungs
Songs22;BITCH
Songs22;GIRL
Songs22;MUSE
Songs22;FRAU
Songs22;JUNGE
Songs22;GIRL
Songs22;MÄNNER
Songs22;manner
Songs22;manner
Songs22;manner
Songs22;manner
Songs22;Jungs
Songs22;Jungs
Songs22;Jungs
Songs22;Jungs
Songs22;Girls
Songs22;Jungs
Songs22;Girls
Songs22;Mädchen
Songs22;Frau
Songs22;Typ
Songs22;Typ
Songs22;Typ
Songs22;Typ
Songs22;Frau
Songs22;Chick
Songs22;Chick
Songs22;Chick
Songs22;Typ
Songs22;Jungs
Songs22;Frau
Songs22;Jungs
Songs22;Chick
Songs22;Chick
Songs22;Chick
Songs22;Chick
Songs22;Chick
Songs22;Typ
Songs22;Jungs
Songs22;Chick
Songs22;Chick
Songs22;Chick
Songs22;Chick
Songs22;Chick
Songs22;Mädchen
Songs22;Schlampe
Songs22;Mann
Songs22;Frau
Songs22;Lady
Songs22;Frau
Songs22;Mann
Songs22;Mann
Songs22;Mann
Songs22;Mann
Songs22;Mann
Songs22;Mann
Songs22;Mann
Songs22;Mann
Songs22;Junge
Songs22;Mann
Songs22;Mann
Songs22;Frau
Songs22;Frau
Songs22;Lady
Songs22;Frau
Songs22;Mann
Songs22;Schlampe
Songs22;Mann
Songs22;BITCH
Songs22;GIRL
Songs22;MUSE
Songs22;FRAU
Songs22;JUNGE
Songs22;GIRL
Songs22;MÄNNER
Songs90er;Typ
Songs90er;Mann
Songs90er;Mädchen
Songs90er;Mädchen
Songs90er;mann
Songs90er;Mädchen
Songs90er;Mädchen
Songs90er;mann
Songs90er;Mädchen
Songs90er;Mädchen
Songs90er;Mädchen
Songs90er;mann
Songs90er;Mädchen
Songs90er;Mädchen
Songs90er;mann
Songs90er;Mädchen
Songs90er;mann
Songs90er;Mädchen
Songs90er;Mädchen
Songs90er;Mädchen
Songs90er;Mädchen
Songs90er;Mädchen
Songs90er;mann
Songs90er;Mädchen
Songs90er;Mädchen
Songs90er;mann
Songs90er;Mädchen
Songs90er;mann
Songs90er;Mädchen
Songs90er;Mädchen
Songs90er;mann
Songs90er;Mädchen
Songs90er;Mädchen
Songs90er;Mädchen
Songs90er;mann
Songs90er;Mädchen
Songs90er;Mädchen
Songs90er;mann
Songs90er;Mädchen
Songs90er;mann
Songs90er;Mädchen
Songs90er;Mädchen
Songs90er;mann
Songs90er;Mädchen
Songs90er;mann
Songs90er;Mädchen
Songs90er;Mädchen
Songs90er;Mädchen
Songs90er;Mann
Songs90er;Mann
Songs90er;Mann
Songs90er;Mann
Songs90er;Junge
Songs90er;Girl
Songs90er;Jungs
Songs90er;Frau
Songs90er;Frau
Songs90er;Frau
Songs90er;Frau
Songs90er;Frau
Songs90er;Frauen
Songs90er;Frau
Songs90er;Mädchen
Songs90er;Frau
Songs90er;Frau
Songs90er;Frau
Songs90er;Frau
Songs90er;Frau
Songs90er;Frau
Songs90er;Frau
Songs90er;Frau
Songs90er;Frau
Songs90er;Frau
Songs90er;Frau
Songs90er;Frau
Songs90er;Frau
Songs90er;Frau
Songs90er;Girl
Songs90er;Frau
Songs90er;Frau
Songs90er;Frau
Songs90er;Frau
Songs90er;Frau
Songs90er;Frau
Songs90er;Mädchen
Songs90er;Mädchen
Songs90er;Mädchen
Songs90er;Mädchen
Songs90er;Mädchen
Songs90er;Mädchen
Songs90er;Mädchen
Songs90er;Mädchen
Songs90er;Mädchen
Songs90er;Mädchen
Songs90er;Mädchen
Songs90er;Mädchen
Songs90er;Mädchen
Songs90er;Mädchen
Songs90er;Mädchen
Songs90er;Mädchen
Songs90er;Mann
Songs90er;Mädchen
Songs90er;Mädchen
Songs90er;Mädchen
Songs90er;Mädchen
Songs90er;Mädchen
Songs90er;Mädchen
Songs90er;Mädchen
Songs90er;Mädchen
Songs90er;Mädchen
Songs90er;Mädchen
Songs90er;Mädchen
Songs90er;Mädchen
Songs90er;Mädchen
Songs90er;Mädels
Songs90er;Jungs
Songs90er;Jungs
Songs90er;Mädels
Songs90er;Jungs
Songs90er;Mädels
Songs90er;Jungs
Songs90er;Mädels
Songs90er;Jungs
Songs90er;Mädels
Songs90er;Jungs
Songs90er;Mann
Songs90er;Frau
Songs90er;Frau
Songs90er;Lady
Songs90er;Frau
Songs90er;Mann
Songs90er;Schlampe
Songs90er;Mann
Songs90er;Frau
Songs90er;Mann
Songs90er;mann
Songs90er;mann
Songs90er;mann
Songs90er;mann
Songs90er;mann
Songs90er;Mann
Songs90er;MÄNNERn
Songs90er;Frauen
Songs90er;Frau
Songs90er;Mann
Songs90er;Mann
Songs90er;Mann
Songs90er;Mann
Songs90er;MÄNNERn
Songs90er;Frauen
Songs90er;MÄNNERn
Songs90er;Frauen
Songs90er;Frauen
Songs90er;MÄNNERn
Songs90er;Jungen
Songs90er;Frauen
Songs90er;Frauen
Songs90er;Mann
Songs90er;MÄNNERn
Songs90er;Frauen
Songs90er;Frauen
Songs90er;Frauen
Songs90er;Junge
Songs90er;Frauen
Songs90er;Frau
Songs90er;Frau
Songs90er;Mann
Songs90er;Mann
Songs90er;Frau
Songs90er;Junge
Songs90er;Mann
Songs90er;Kerl
Songs90er;Mann
Songs90er;Jungs
Songs90er;Mann
Songs90er;Frauen
Songs90er;Typ
Songs90er;Frauen
Beliebteste;Frau
Beliebteste;Mann
Beliebteste;Mann
Beliebteste;Frauen
Beliebteste;Mann
Beliebteste;Mann
Beliebteste;Girls
Beliebteste;Girls
Beliebteste;Girls
Beliebteste;Mann
Beliebteste;Mann
Beliebteste;Frau
Beliebteste;Frau
Beliebteste;Frauen
Beliebteste;Frau
Beliebteste;Frau
Beliebteste;Typ
Beliebteste;Chick
Beliebteste;Frauen
Beliebteste;Chicks
Beliebteste;Mann
Beliebteste;Frau
Beliebteste;Mann
Beliebteste;Nutten
Beliebteste;Mann
Beliebteste;Mann
Beliebteste;Frau
Beliebteste;B**ch
Beliebteste;Mann
Beliebteste;Jungs
Beliebteste;BITCH
Beliebteste;GIRL
Beliebteste;MUSE
Beliebteste;FRAU
Beliebteste;JUNGE
Beliebteste;GIRL
Beliebteste;MÄNNER
Beliebteste;manner
Beliebteste;manner
Beliebteste;manner
Beliebteste;manner
Beliebteste;Jungs
Beliebteste;Jungs
Beliebteste;Jungs
Beliebteste;Jungs
Beliebteste;Girls
Beliebteste;Jungs
Beliebteste;Girls
Beliebteste;Mädchen
Beliebteste;Frau
Beliebteste;Typ
Beliebteste;Typ
Beliebteste;Typ
Beliebteste;Typ
Beliebteste;Frau
Beliebteste;Chick
Beliebteste;Chick
Beliebteste;Chick
Beliebteste;Typ
Beliebteste;Jungs
Beliebteste;Frau
Beliebteste;Jungs
Beliebteste;Chick
Beliebteste;Chick
Beliebteste;Chick
Beliebteste;Chick
Beliebteste;Chick
Beliebteste;Typ
Beliebteste;Jungs
Beliebteste;Chick
Beliebteste;Chick
Beliebteste;Chick
Beliebteste;Chick
Beliebteste;Chick
Beliebteste;Mädchen
Beliebteste;Schlampe
Beliebteste;Mann
Beliebteste;Frau
Beliebteste;Lady
Beliebteste;Frau
Beliebteste;Mann
Beliebteste;Mann
Beliebteste;Mann
Beliebteste;Mann
Beliebteste;Mann
Beliebteste;Mann
Beliebteste;Mann
Beliebteste;Mann
Beliebteste;Junge
Beliebteste;Mann
Beliebteste;Mann
Beliebteste;Frau
Beliebteste;Frau
Beliebteste;Lady
Beliebteste;Frau
Beliebteste;Mann
Beliebteste;Schlampe
Beliebteste;Mann
Beliebteste;BITCH
Beliebteste;GIRL
Beliebteste;MUSE
Beliebteste;FRAU
Beliebteste;JUNGE
Beliebteste;GIRL
Beliebteste;MÄNNER
