,Noun,Year,Artist
0,Sack,2022,Die Toten Hosen
1,Sack,2022,Die Toten Hosen
2,Sack,2022,Die Toten Hosen
3,Sack,2022,Die Toten Hosen
4,Chaot,2022,Die Toten Hosen
5,Chaot,2022,Die Toten Hosen
6,Chaot,2022,Die Toten Hosen
7,Chaot,2022,Die Toten Hosen
8,Schwein,2021,Udo Lindenberg
9,Weib,2021,Udo Lindenberg
10,Weib,2021,Udo Lindenberg
11,Schwein,2021,Udo Lindenberg
12,Idiot,2021,Udo Lindenberg
13,Spießer,2021,Udo Lindenberg
14,Macker,2023,Apache 207
15,Bitch,2023,Apache 207
16,Idiot,2023,Peter Fox
17,Sau,2023,Peter Fox
18,Sack,2008,Peter Fox
19,Macker,2008,Peter Fox
20,Sack,2008,Peter Fox
21,Macker,2008,Peter Fox
22,Hurensohn,2022,Bonez MC
23,Wichser,2022,Bonez MC
24,Wichser,2022,Bonez MC
25,Nutte,2022,Bonez MC
26,Schlampe,2022,Bonez MC
27,Schlampe,2022,Bonez MC
28,Schlampe,2022,Bonez MC
29,Bonze,2022,Bonez MC
30,Bitch,2022,Bonez MC
31,Schwanzlutscher,2022,Bonez MC
32,Bastard,2022,Bonez MC
33,Trottel,2022,Bonez MC
34,Trottel,2022,Bonez MC
35,Schlampe,2022,Bonez MC
36,Trottel,2022,Bonez MC
37,Trottel,2022,Bonez MC
38,Schlampe,2022,LX
39,Bitch,2022,RAF Camora
40,Hurensohn,2022,RAF Camora
41,Hurenkind,2022,RAF Camora
42,Bitch,2022,RAF Camora
43,Schwein,2022,SDP
44,Fotze,2022,SDP
45,Fotze,2022,SDP
46,Schwein,2022,SDP
47,Schwein,2022,SDP
48,Bastard,2022,SDP
49,Bastard,2022,SDP
50,Bastard,2022,SDP
51,Bastard,2022,SDP
52,Trottel,2019,SDP
53,Trottel,2019,SDP
54,Fotze,2019,SDP
55,Wichser,2019,SDP
56,Wichser,2019,SDP
57,Wichser,2019,SDP
58,Wichser,2019,SDP
59,Wichser,2019,SDP
60,Wichser,2019,SDP
61,Ungeheuer,2019,SDP
62,Hurensohn,2022,Nina Chuba
63,Arschloch,2022,LUNA
64,Arschloch,2022,LUNA
65,Arschloch,2022,LUNA
66,Arschloch,2022,LUNA
67,Arschloch,2022,LUNA
68,Arschloch,2022,LUNA
69,Arschloch,2022,LUNA
70,Arschloch,2022,LUNA
71,Arschloch,2022,LUNA
72,Arschloch,2022,LUNA
73,Arschloch,2022,LUNA
74,Affenarsch,2022,Ben Zucker
75,Sack,2022,Ben Zucker
76,Sau,2022,Ben Zucker
77,Schwein,2022,Ben Zucker
78,Bastard,2022,Ben Zucker
79,Wichser,2022,Ben Zucker
80,Wichser,2022,Ben Zucker
81,Schlampe,2022,Ben Zucker
82,Schlampe,2022,Ben Zucker
83,Wichser,2022,Ben Zucker
84,Wichser,2022,Ben Zucker
85,Wichser,2022,Ben Zucker
86,Wichser,2022,Ben Zucker
87,Trottel,2022,Ben Zucker
88,Trottel,2022,Ben Zucker
89,Hurensohn,2022,Ben Zucker
90,Wichser,2022,Ben Zucker
91,Wichser,2022,Ben Zucker
92,Schlampe,2022,Ben Zucker
93,Wichser,2022,Ben Zucker
94,Wichser,2022,Ben Zucker
95,Wichser,2022,Ben Zucker
96,Wichser,2022,Ben Zucker
97,Hurensohn,2022,Ben Zucker
98,Hurensohn,2022,Ben Zucker
99,Wichser,2022,Ben Zucker
100,Wichser,2022,Ben Zucker
101,Hurensohn,2022,badmómzjay
102,Arschloch,2021,MC Bilal
103,Schlampe,2021,MC Bilal
104,Arschloch,2023,Jamule
105,Arschloch,2023,Jamule
106,Arschloch,2023,Alexander Eder
107,Bitch,2023,Nina Chuba
108,Furie,2022,Mudi
109,Idiot,2022,Mudi
110,Tagedieb,2022,Mudi
111,Taugenichts,2022,Mudi
112,Schlampe,2021,Mudi
113,Macker,2023,Jamule
114,Bitch,2023,Jamule
115,Idiot,2023,Jamule
116,Idiot,2023,Jamule
117,Idiot,2023,Jamule
118,Bastard,2022,Jamule
119,Bitch,2022,Jamule
120,Bitch,2022,Jamule
121,Arschloch,2022,Jamule
122,Arschloch,2022,Jamule
123,Bitch,2022,Jamule
124,Bitch,2022,Jamule
125,Bitch,2022,Jamule
126,Bitch,2022,Jamule
127,Bitch,2022,Jamule
128,Bitch,2022,Jamule
129,Bitch,2021,Jamule
130,Schlampe,2021,Jamule
131,Bitch,2021,Jamule
132,Bitch,2021,Jamule
133,Bitch,2021,Jamule
134,Bitch,2021,Jamule
135,Bitch,2021,Jamule
136,Bitch,2021,Jamule
137,Bitch,2021,Jamule
138,Bitch,2021,Jamule
139,Idiot,2020,Jamule
140,Weib,2023,LIKA
141,Bitch,2021,Endzone
142,Trottel,2021,Endzone
143,Trottel,2021,Endzone
144,Bitch,2020,Endzone
145,Sack,2020,Endzone
146,Bitch,2020,Endzone
147,Schlampe,2020,Endzone
148,Chaot,2023,SOPHIA
149,Ungeheuer,2023,AnnenMayKantereit
150,Bastard,2016,AnnenMayKantereit
151,Besserwisser,2016,AnnenMayKantereit
152,Idiot,2022,Dardan
153,Bitch,2022,Dardan
154,Bitch,2022,Dardan
155,Bitch,2022,Dardan
156,Hure,2022,Dardan
157,Idiot,2022,Dardan
158,Gauner,2022,Dardan
159,Bitch,2022,AMEX DIOR
160,Bastard,2022,Dardan
161,Schlampe,2021,RAF Camora
162,Hurenkind,2020,RAF Camora
163,Schlampe,2020,RAF Camora
164,Schlampe,2020,RAF Camora
165,Schwanzlutscher,2020,RAF Camora
166,Hure,2020,RAF Camora
167,Hurensohn,2020,RAF Camora
168,Bastard,2020,RAF Camora
169,Bastard,2020,RAF Camora
170,Schlampe,2018,Bonez MC
171,Hure,2018,Bonez MC
172,Hure,2018,Bonez MC
173,Fotze,2018,Bonez MC
174,Bitch,2018,Bonez MC
175,Hurensohn,2018,Bonez MC
176,Wichser,2018,Bonez MC
177,Wichser,2018,Bonez MC
178,Nutte,2018,Bonez MC
179,Schlampe,2018,Bonez MC
180,Schlampe,2018,Bonez MC
181,Schlampe,2018,Bonez MC
182,Sack,2018,Bonez MC
183,Hurensohn,2018,Bonez MC
184,Sack,2018,Bonez MC
185,Bastard,2018,Bonez MC
186,Sack,2018,Bonez MC
187,Schlampe,2017,RAF Camora
188,Nutte,2017,RAF Camora
189,Nutte,2017,RAF Camora
190,Nutte,2017,RAF Camora
191,Vandale,2016,Bonez MC
192,Nutte,2016,Bonez MC
193,Weib,2016,Bonez MC
194,Idiot,2020,LEA
195,Idiot,2020,LEA
196,Idiot,2020,LEA
197,Idiot,2020,LEA
198,Idiot,2020,LEA
199,Idiot,2020,LEA
200,Bastard,2018,LEA
201,Bastard,2022,Alligatoah
202,Arschloch,2022,Alligatoah
203,Sack,2022,Die Toten Hosen
204,Sack,2022,Die Toten Hosen
205,Sack,2022,Die Toten Hosen
206,Sack,2022,Die Toten Hosen
207,Arschloch,2022,Mike Singer
208,Arschloch,2022,Mike Singer
209,Besserwisser,2023,LISCH
210,Bastard,2022,FRINK
211,Arschloch,2022,LENA UND LUIS
212,Depp,2021,JORIS
213,Depp,2021,JORIS
214,Idiot,2021,JORIS
215,Idiot,2021,JORIS
216,Wichser,2021,Alligatoah
217,Wichser,2021,Alligatoah
218,Arschloch,2021,Alligatoah
219,Idiot,2021,Georg Stengel
220,Idiot,2021,Georg Stengel
221,Idiot,2021,SANTOS
222,Sau,2020,Clueso
223,Arschloch,2020,Bosse
224,Arschloch,2020,Bosse
225,Arschloch,2020,Bosse
226,Arschloch,2020,Bosse
227,Arschloch,2020,Bosse
228,Schwein,2020,Alligatoah
229,Fotze,2020,FASO
230,Trottel,2020,FASO
231,Trottel,2020,FASO
232,Bastard,2020,Capital Bra
233,Wichser,2020,Clueso
234,Wichser,2020,Clueso
235,Idiot,2020,LEA
236,Idiot,2020,LEA
237,Idiot,2020,LEA
238,Sack,2020,Julia Kautz
239,Sack,2020,Julia Kautz
240,Sack,2020,Julia Kautz
241,Sack,2020,Julia Kautz
242,Sack,2020,Julia Kautz
243,Grobian,2020,Julia Kautz
244,Wurm,2020,Julia Kautz
245,Idiot,2020,Julia Kautz
246,Arschloch,2020,Julia Kautz
247,Arschloch,2020,Julia Kautz
248,Weib,2020,Julia Kautz
249,Trottel,2019,Phil Masel
250,Trottel,2019,Phil Masel
251,Nutte,2019,Phil Masel
252,Trottel,2019,Phil Masel
253,Trottel,2019,Phil Masel
254,Krüppel,2019,Phil Masel
255,Bitch,2019,Phil Masel
256,Lümmel,2019,Phil Masel
257,Idiot,2019,Phil Masel
258,Arschloch,2019,Phil Masel
259,Stenz,2019,Phil Masel
260,Wichser,2019,Phil Masel
261,Wichser,2019,Phil Masel
262,Bitch,2019,Phil Masel
263,Trottel,2019,Phil Masel
264,Trottel,2019,Phil Masel
265,Mitläufer,2019,Phil Masel
266,Sack,2022,RIAN
267,Idiot,2022,ORRY
268,Sau,2022,Peter Fox
269,Idiot,2023,Peter Fox
270,Hurensohn,2020,CÉLINE
271,Hurensohn,2020,CÉLINE
272,Hurensohn,2020,CÉLINE
273,Hurensohn,2020,CÉLINE
274,Hurensohn,2020,CÉLINE
275,Hurensohn,2020,CÉLINE
276,Hurensohn,2020,CÉLINE
277,Schwein,1998,Die Ärzte
278,Schwein,1998,Die Ärzte
279,Sack,2012,Sido
280,Bastard,2012,Haftbefehl
281,Hure,2012,Haftbefehl
282,Weib,1989,Westernhagen
283,Schlampe,2009,Jan Delay
284,Idiot,2020,LEA
285,Idiot,2020,LEA
286,Idiot,2020,LEA
287,Rüpel,2006,Sido
288,Arschloch,2014,Trailerpark
289,Nutte,2004,Sido
290,Nutte,2004,Sido
291,Sau,2014,Sido
292,Sau,2014,Sido
293,Schlampe,2016,Ado Kojo
294,Sau,2012,PSY
295,Sau,2012,PSY
296,Schlampe,2012,PSY
297,Sau,2012,PSY
298,Sau,2012,PSY
299,Sau,2012,PSY
300,Sau,2012,PSY
301,Hurensohn,2017,SXTN
302,Bitch,2017,SXTN
303,Sack,2023,Wolfgang Petry
304,Schwein,2023,Wolfgang Petry
305,Schwein,1996,Wolfgang Petry
306,Schwein,2020,Wolfgang Petry
307,Schwein,2020,Wolfgang Petry
308,Schwein,2020,Wolfgang Petry
309,Schwein,2020,Wolfgang Petry
310,Schwein,2020,Wolfgang Petry
311,Schwein,2020,Wolfgang Petry
312,Schwein,2020,Wolfgang Petry
313,Schwein,2020,Wolfgang Petry
314,Schwein,2020,Wolfgang Petry
315,Schwein,2020,Wolfgang Petry
316,Schwein,2018,Wolfgang Petry
317,Schwein,2018,Wolfgang Petry
318,Schwein,2018,Wolfgang Petry
319,Schwein,2018,Wolfgang Petry
320,Narr,2018,Wolfgang Petry
321,Schwein,2018,Wolfgang Petry
322,Ungeheuer,2018,Wahnsinn (Original Music Cast)
323,Ungeheuer,2018,Wahnsinn (Original Music Cast)
324,Krüppel,2018,Wahnsinn (Original Music Cast)
325,Tagedieb,2018,Wahnsinn (Original Music Cast)
326,Weib,2018,Wahnsinn (Original Music Cast)
327,Ungeheuer,2018,Wahnsinn (Original Music Cast)
328,Weib,2018,Wahnsinn (Original Music Cast)
329,Narr,2018,Wahnsinn (Original Music Cast)
330,Krüppel,2018,Wahnsinn (Original Music Cast)
331,Krüppel,2018,Wahnsinn (Original Music Cast)
332,Krüppel,2018,Wahnsinn (Original Music Cast)
333,Krüppel,2018,Wahnsinn (Original Music Cast)
334,Krüppel,2018,Wahnsinn (Original Music Cast)
335,Krüppel,2018,Wahnsinn (Original Music Cast)
336,Krüppel,2018,Wahnsinn (Original Music Cast)
337,Narr,2018,Wahnsinn (Original Music Cast)
338,Ungeheuer,2018,Wahnsinn (Original Music Cast)
339,Weib,2018,Wahnsinn (Original Music Cast)
340,Weib,2018,Wahnsinn (Original Music Cast)
341,Weib,2018,Wahnsinn (Original Music Cast)
342,Narr,2018,Wahnsinn (Original Music Cast)
343,Narr,2018,Wahnsinn (Original Music Cast)
344,Narr,2018,Wahnsinn (Original Music Cast)
345,Narr,2018,Wahnsinn (Original Music Cast)
346,Duckmäuser,2018,Wahnsinn (Original Music Cast)
347,Weib,2018,Wahnsinn (Original Music Cast)
348,Weib,2018,Wahnsinn (Original Music Cast)
349,Schwein,2018,Wahnsinn (Original Music Cast)
350,Schwein,2018,Wahnsinn (Original Music Cast)
351,Ungeheuer,2018,Wahnsinn (Original Music Cast)
352,Ungeheuer,2018,Wahnsinn (Original Music Cast)
353,Weib,2018,Wahnsinn (Original Music Cast)
354,Weib,2018,Wahnsinn (Original Music Cast)
355,Wurm,2018,Wahnsinn (Original Music Cast)
356,Ungeheuer,2018,Wahnsinn (Original Music Cast)
357,Schwein,2018,Wolfgang Petry
358,Schwein,2018,Wolfgang Petry
359,Schwein,2018,Wolfgang Petry
360,Sack,2018,Wolfgang Petry
361,Schwein,2018,Wolfgang Petry
362,Stümper,2015,Wolfgang Petry
363,Weib,2015,Wolfgang Petry
364,Narr,2015,Wolfgang Petry
365,Spießbürger,2015,Wolfgang Petry
366,Weib,2015,Wolfgang Petry
367,Pfaffe,2015,Wolfgang Petry
368,Sack,2015,Wolfgang Petry
369,Sack,2015,Wolfgang Petry
370,Schwein,2014,Wolfgang Petry
371,Schwein,2010,Wolfgang Petry
372,Schwein,2007,Wolfgang Petry
373,Schwachkopf,2007,Dieter Thomas Heck
374,Weib,2007,Dieter Thomas Heck
375,Trottel,2007,Dieter Thomas Heck
376,Trottel,2007,Dieter Thomas Heck
377,Schwein,2007,Dieter Thomas Heck
378,Sau,2007,Dieter Thomas Heck
379,Weib,2007,Dieter Thomas Heck
380,Schwein,2007,Dieter Thomas Heck
381,Wichser,2007,Dieter Thomas Heck
382,Wichser,2007,Dieter Thomas Heck
383,Fuzzi,2007,Dieter Thomas Heck
384,Schwein,2007,Dieter Thomas Heck
385,Softie,2007,Dieter Thomas Heck
386,Schwuchtel,2007,Dieter Thomas Heck
387,Idiot,2007,Dieter Thomas Heck
388,Schwein,2007,Dieter Thomas Heck
389,Neger,2007,Dieter Thomas Heck
390,Weib,2007,Dieter Thomas Heck
391,Klassenfeind,2007,Dieter Thomas Heck
392,Schwein,2007,Dieter Thomas Heck
393,Weib,2007,Dieter Thomas Heck
394,Weib,2007,Dieter Thomas Heck
395,Weib,2007,Dieter Thomas Heck
396,Weib,2007,Dieter Thomas Heck
397,Weib,2007,Dieter Thomas Heck
398,Weib,2007,Dieter Thomas Heck
399,Weib,2007,Dieter Thomas Heck
400,Weib,2007,Dieter Thomas Heck
401,Weib,2007,Dieter Thomas Heck
402,Narr,2007,Dieter Thomas Heck
403,Neger,2007,Dieter Thomas Heck
404,Schwachkopf,2007,Dieter Thomas Heck
405,Bursche,2007,Dieter Thomas Heck
406,Schwein,2007,Dieter Thomas Heck
407,Wichser,2007,Dieter Thomas Heck
408,Wichser,2007,Dieter Thomas Heck
409,Fuzzi,2007,Dieter Thomas Heck
410,Schwein,2007,Dieter Thomas Heck
411,Softie,2007,Dieter Thomas Heck
412,Schwuchtel,2007,Dieter Thomas Heck
413,Idiot,2007,Dieter Thomas Heck
414,Schwein,2007,Dieter Thomas Heck
415,Neger,2007,Dieter Thomas Heck
416,Weib,2007,Dieter Thomas Heck
417,Fotze,2004,Wolfgang Petry
418,Hurensohn,2004,Wolfgang Petry
419,Fotze,2004,Wolfgang Petry
420,Hurensohn,2004,Wolfgang Petry
421,Stümper,2001,Wolfgang Petry
422,Weib,2001,Wolfgang Petry
423,Narr,2001,Wolfgang Petry
424,Spießbürger,2001,Wolfgang Petry
425,Weib,2001,Wolfgang Petry
426,Pfaffe,2001,Wolfgang Petry
427,Sau,2001,Wolfgang Petry
428,Idiot,2001,Wolfgang Petry
429,Sack,2001,Wolfgang Petry
430,Stümper,1998,Wolfgang Petry
431,Weib,1998,Wolfgang Petry
432,Narr,1998,Wolfgang Petry
433,Spießbürger,1998,Wolfgang Petry
434,Weib,1998,Wolfgang Petry
435,Pfaffe,1998,Wolfgang Petry
436,Stümper,1998,Wolfgang Petry
437,Weib,1998,Wolfgang Petry
438,Narr,1998,Wolfgang Petry
439,Spießbürger,1998,Wolfgang Petry
440,Weib,1998,Wolfgang Petry
441,Pfaffe,1998,Wolfgang Petry
442,Schwein,1998,Wolfgang Petry
443,Schwein,1998,Wolfgang Petry
444,Schwein,1998,Wolfgang Petry
445,Sack,1998,Wolfgang Petry
446,Idiot,1998,Wolfgang Petry
447,Chaot,1998,Wolfgang Petry
448,Schwein,1997,Wolfgang Petry
449,Stümper,1996,Wolfgang Petry
450,Weib,1996,Wolfgang Petry
451,Narr,1996,Wolfgang Petry
452,Spießbürger,1996,Wolfgang Petry
453,Weib,1996,Wolfgang Petry
454,Pfaffe,1996,Wolfgang Petry
455,Schwein,1995,Wolfgang Petry
456,Schwein,1994,Wolfgang Petry
457,Nazi,2019,8kids
458,Schwein,2023,ENGST
459,Hurensohn,2023,ENGST
460,Sack,2020,ENGST
461,Arschloch,2020,ENGST
462,Sau,2020,ENGST
463,Sack,2020,ENGST
464,Hurensohn,2016,KAFVKA
465,Chaotin,2018,Moop Mama
466,Arschloch,2016,Moop Mama
467,Bitch,2016,Moop Mama
468,Arschloch,2013,Moop Mama
469,Arschloch,2013,Moop Mama
470,Schlampe,2013,Moop Mama
471,Arschloch,2013,Moop Mama
472,Arschloch,2019,Dendemann
473,Nerd,2019,Das Lumpenpack
474,Sau,2019,Das Lumpenpack
475,Hurensohn,2019,Das Lumpenpack
476,Nazi,2019,Das Lumpenpack
477,Nazi,2019,Das Lumpenpack
478,Wichser,2006,B-Tight
479,Wichser,2006,B-Tight
480,Fotze,2006,B-Tight
481,Wichser,2006,B-Tight
482,Wichser,2006,B-Tight
483,Wichser,2006,B-Tight
484,Wichser,2006,B-Tight
485,Wichser,2006,B-Tight
486,Wichser,2006,B-Tight
487,Sack,2006,B-Tight
488,Wichser,2006,B-Tight
489,Wichser,2006,B-Tight
490,Wichser,2006,B-Tight
491,Wichser,2006,B-Tight
492,Hurensohn,2021,Bushido
493,Nutte,2006,Fler
494,Arschloch,2006,Eko Fresh
495,Bastard,2006,Eko Fresh
496,Sack,2006,Fler
497,Nazi,2006,Marsimoto
498,Nazi,2006,Marsimoto
499,Nazi,2006,Marsimoto
500,Nazi,2006,Marsimoto
501,Nazi,2006,Marsimoto
502,Nazi,2006,Marsimoto
503,Nazi,2006,Marsimoto
504,Nutte,2006,Kollegah
505,Bitch,2006,Kollegah
506,Muttersöhnchen,2006,Kollegah
507,Muttersöhnchen,2006,Kollegah
508,Muttersöhnchen,2006,Kollegah
509,Arschloch,2006,Eko Fresh
510,Bastard,2006,Eko Fresh
511,Krüppel,2021,Bushido
512,Nutte,2021,Bushido
513,Hure,2021,Bushido
514,Krüppel,2021,Bushido
515,Nutte,2006,Eko Fresh
516,Nutte,2006,Kollegah
517,Bitch,2006,Kollegah
518,Nutte,2006,Kollegah
519,Tunte,2006,Kollegah
520,Nutte,2006,Kollegah
521,Hure,2006,Kollegah
522,Hure,2006,Kollegah
523,Schwein,2006,Sido
524,Wichser,2006,Sido
525,Wichser,2006,Sido
526,Fuzzi,2006,Sido
527,Schwein,2006,Sido
528,Softie,2006,Sido
529,Schwuchtel,2006,Sido
530,Idiot,2006,Sido
531,Schwein,2006,Sido
532,Schlampe,2006,Sido
533,Wichser,2006,Sido
534,Wichser,2006,Sido
535,Sack,1998,Fünf Sterne deluxe
536,Macker,1998,Fünf Sterne deluxe
537,Macker,1998,Fünf Sterne deluxe
538,Lauch,1998,Fünf Sterne deluxe
539,Emanze,1998,Fünf Sterne deluxe
540,Hurensohn,2000,Fünf Sterne deluxe
541,Schwein,2000,Fünf Sterne deluxe
542,Schwein,2000,Fünf Sterne deluxe
543,Schwein,2017,Fünf Sterne deluxe
544,Macker,2017,Fünf Sterne deluxe
545,Tagedieb,2017,Fünf Sterne deluxe
546,Gauner,2017,Fünf Sterne deluxe
547,Gauner,2017,Fünf Sterne deluxe
548,Macker,2017,Fünf Sterne deluxe
549,Depp,2014,Fünf Sterne deluxe
550,Drückeberger,2000,Deichkind
551,Drückeberger,2000,Deichkind
552,Rabauke,2000,Beginner
553,Nutte,2000,Torch
554,Nigger,2000,Flowin IMMO
555,Nigger,2000,Flowin IMMO
556,Nigger,2000,Flowin IMMO
557,Nigger,2000,Flowin IMMO
558,Nigger,2000,Flowin IMMO
559,Nigger,2000,Flowin IMMO
560,Nigger,2000,Flowin IMMO
561,Nigger,2000,Flowin IMMO
562,Nigger,2000,Flowin IMMO
563,Nigger,2000,Flowin IMMO
564,Sack,2000,D-Flame
565,Bastard,2000,Taktloss
566,Nutte,2000,Taktloss
567,Nutte,2000,Taktloss
568,Nutte,2000,Taktloss
569,Sau,2019,Juju
570,Bitch,2019,Juju
571,Bitch,2019,Juju
572,Bitch,2019,Juju
573,Hurensohn,2019,Juju
574,Nutte,2019,Juju
575,Trottel,2023,VAN HOLZEN
576,Trottel,2023,VAN HOLZEN
577,Nutte,2023,VAN HOLZEN
578,Trottel,2023,VAN HOLZEN
579,Trottel,2023,VAN HOLZEN
580,Krüppel,2023,VAN HOLZEN
581,Bitch,2023,VAN HOLZEN
582,Lümmel,2023,VAN HOLZEN
583,Idiot,2023,VAN HOLZEN
584,Arschloch,2023,VAN HOLZEN
585,Stenz,2023,VAN HOLZEN
586,Wichser,2023,VAN HOLZEN
587,Wichser,2023,VAN HOLZEN
588,Bitch,2023,VAN HOLZEN
589,Trottel,2023,VAN HOLZEN
590,Trottel,2023,VAN HOLZEN
591,Mitläufer,2023,VAN HOLZEN
592,Bastard,2017,Wanda
593,Hurensohn,2017,Wanda
594,Hurensohn,2017,Wanda
595,Bastard,2017,Wanda
596,Arschloch,2014,Wanda
597,Sau,1998,Beginner
598,Nutte,1998,Beginner
599,Macker,1998,Beginner
600,Schwein,1998,Beginner
601,Griesgram,2003,Beginner
602,Spießer,2003,Beginner
603,Sau,2003,Beginner
604,Schwein,2003,Beginner
605,Hackfresse,2003,Beginner
606,Hure,2003,Beginner
607,Schwein,2003,Beginner
608,Pappnase,2003,Beginner
609,Sack,2016,Beginner
610,Sack,2016,Beginner
611,Sau,2016,Beginner
612,Schwein,2016,Beginner
613,Sack,2016,Beginner
614,Hurensohn,2023,Bonez MC
615,Sack,2023,Bonez MC
616,Sack,2023,Bonez MC
617,Sack,2023,Bonez MC
618,Schlampe,2023,Bonez MC
619,Schlampe,2023,Bonez MC
620,Sack,2023,Bonez MC
621,Hurensohn,2023,Bonez MC
622,Schlampe,2015,Gzuz
623,Hure,2015,Gzuz
624,Schlampe,2015,Gzuz
625,Hure,2015,Gzuz
626,Trottel,2015,Gzuz
627,Trottel,2015,Gzuz
628,Schlampe,2015,Gzuz
629,Nutte,2015,Gzuz
630,Arschloch,2015,Gzuz
631,Fotze,2015,Gzuz
632,Fotze,2015,Gzuz
633,Nutte,2015,Gzuz
634,Schlampe,2015,Gzuz
635,Fotze,2015,Gzuz
636,Wichser,2015,Gzuz
637,Wichser,2015,Gzuz
638,Sack,2015,Gzuz
639,Schlampe,2015,Gzuz
640,Arschloch,2015,Gzuz
641,Schlampe,2015,Gzuz
642,Schlampe,2015,Gzuz
643,Schlampe,2015,Gzuz
644,Schlampe,2016,Gzuz
645,Sack,2016,Gzuz
646,Schlampe,2016,Gzuz
647,Schlampe,2016,Gzuz
648,Macker,2016,Gzuz
649,Nutte,2016,Gzuz
650,Schlampe,2016,Gzuz
651,Luder,2016,Gzuz
652,Luder,2016,Gzuz
653,Fotze,2016,Gzuz
654,Schlampe,2020,Gzuz
655,Schlampe,2020,Gzuz
656,Schlampe,2020,Gzuz
657,Schlampe,2020,Gzuz
658,Schlampe,2020,Gzuz
659,Fotze,2020,Gzuz
660,Fotze,2020,Gzuz
661,Hurensohn,2014,Gzuz
662,Sack,2014,Gzuz
663,Wichser,2014,Gzuz
664,Wichser,2014,Gzuz
665,Lauch,2014,Bonez MC
666,Hurensohn,2014,Gzuz
667,Lauch,2014,Gzuz
668,Sack,2014,Gzuz
669,Sau,2014,Gzuz
670,Sack,2014,Gzuz
671,Sack,2014,Gzuz
672,Sack,2014,Gzuz
673,Sack,2014,Gzuz
674,Sack,2014,Gzuz
675,Sack,2014,Gzuz
676,Weib,1993,Megavier
677,Narr,1993,Megavier
678,Weib,1993,Megavier
679,Wurm,1993,Megavier
680,Weib,1993,Megavier
681,Weib,1993,Megavier
682,Sau,1995,Die Fantastischen Vier
683,Sack,1995,Die Fantastischen Vier
684,Sack,1995,Die Fantastischen Vier
685,Sack,1995,Die Fantastischen Vier
686,Schwein,1995,Die Fantastischen Vier
687,Schwein,1995,Die Fantastischen Vier
688,Schwein,1995,Die Fantastischen Vier
689,Schwein,1995,Die Fantastischen Vier
690,Sack,1995,Die Fantastischen Vier
691,Schwachkopf,1995,Die Fantastischen Vier
692,Weib,1995,Die Fantastischen Vier
693,Trottel,1995,Die Fantastischen Vier
694,Trottel,1995,Die Fantastischen Vier
695,Schwein,1995,Die Fantastischen Vier
696,Sau,1995,Die Fantastischen Vier
697,Weib,1995,Die Fantastischen Vier
698,Macker,1999,Die Fantastischen Vier
699,Sau,2004,Die Fantastischen Vier
700,Arschgesicht,2004,Die Fantastischen Vier
701,Schnösel,2004,Die Fantastischen Vier
702,Idiot,2007,Die Fantastischen Vier
703,Sack,2007,Die Fantastischen Vier
704,Sack,2007,Die Fantastischen Vier
705,Sau,2009,Die Fantastischen Vier
706,Arschloch,2009,Die Fantastischen Vier
707,Sau,2009,Die Fantastischen Vier
708,Nutte,2009,Die Fantastischen Vier
709,Hure,2009,Die Fantastischen Vier
710,Sack,2010,Die Fantastischen Vier
711,Depp,2010,Die Fantastischen Vier
712,Depp,2010,Die Fantastischen Vier
713,Besserwisser,2010,Die Fantastischen Vier
714,Sack,2010,Die Fantastischen Vier
715,Macker,2010,Die Fantastischen Vier
716,Besserwisser,2010,Die Fantastischen Vier
717,Schwein,2014,Die Fantastischen Vier
718,Schmock,2014,Die Fantastischen Vier
719,Sau,2014,Die Fantastischen Vier
720,Depp,2018,Die Fantastischen Vier
721,Idiot,2018,Die Fantastischen Vier
722,Fotze,2018,Die Fantastischen Vier
723,Hure,2018,Die Fantastischen Vier
724,Sack,2018,Die Fantastischen Vier
725,Nerd,2018,Die Fantastischen Vier
726,Nigger,2011,Fatoni
727,Nigger,2011,Fatoni
728,Hurensohn,2011,Fatoni
729,Hure,2011,Fatoni
730,Hure,2011,Fatoni
731,Hurensohn,2011,Fatoni
732,Sack,2011,Fatoni
733,Fotze,2011,Fatoni
734,Sack,2011,Fatoni
735,Hurensohn,2011,Fatoni
736,Hurensohn,2011,Fatoni
737,Hurensohn,2011,Fatoni
738,Hurensohn,2011,Fatoni
739,Hurensohn,2011,Fatoni
740,Nazi,2011,Fatoni
741,Bitch,2011,Fatoni
742,Nazi,2013,Fatoni
743,Idiot,2013,Fatoni
744,Bastard,2013,Fatoni
745,Nichtsnutz,2013,Fatoni
746,Nichtsnutz,2013,Fatoni
747,Idiot,2014,Fatoni
748,Arschloch,2014,Fatoni
749,Taugenichts,2014,Fatoni
750,Hure,2014,Fatoni
751,Stümper,2015,Fatoni
752,Hurensohn,2015,Fatoni
753,Schwein,2015,Fatoni
754,Idiot,2015,Fatoni
755,Wichser,2015,Fatoni
756,Wichser,2015,Fatoni
757,Bitch,2015,Fatoni
758,Weib,2015,Fatoni
759,Sack,2015,Fatoni
760,Hurensohn,2017,Fatoni
761,Bastard,2017,Fatoni
762,Nazi,2017,Fatoni
763,Sack,2017,Fatoni
764,Hurensohn,2017,Fatoni
765,Hurensohn,2017,Fatoni
766,Hurensohn,2017,Fatoni
767,Hurensohn,2017,Fatoni
768,Hurensohn,2017,Fatoni
769,Nazi,2017,Fatoni
770,Bitch,2017,Fatoni
771,Schlampe,2017,Mine
772,Schlampe,2017,Mine
773,Schlampe,2017,Mine
774,Wichser,2019,Fatoni
775,Wichser,2019,Fatoni
776,Sau,2019,Fatoni
777,Hurensohn,2019,Fatoni
778,Idiot,2021,Fatoni
779,Schwein,2021,Fatoni
780,Fotze,2021,Fatoni
781,Idiot,2021,Fatoni
782,Wichser,2021,Fatoni
783,Wichser,2021,Fatoni
784,Wichser,2021,Fatoni
785,Wichser,2021,Fatoni
786,Wichser,2021,Fatoni
787,Wichser,2021,Fatoni
788,Schwein,2021,Fatoni
789,Sau,2023,Fatoni
790,Wichser,2023,Fatoni
791,Wichser,2023,Fatoni
792,Idiot,2023,Fatoni
793,Wichser,2023,Fatoni
794,Wichser,2023,Fatoni
795,Wichser,2023,Fatoni
796,Wichser,2023,Fatoni
797,Sack,2023,Fatoni
798,Ignorant,2023,Fatoni
799,Sau,2023,Fatoni
800,Schwein,2023,Fatoni
801,Depp,2004,Max Herre
802,Luder,2009,Max Herre
803,Luder,2009,Max Herre
804,Besserwisser,1997,Blumentopf
805,Schwein,1997,Blumentopf
806,Sack,1997,Blumentopf
807,Luder,1997,Blumentopf
808,Luder,1997,Blumentopf
809,Weib,1997,Blumentopf
810,Weib,1997,Blumentopf
811,Weib,1997,Blumentopf
812,Weib,1997,Blumentopf
813,Weib,1997,Blumentopf
814,Weib,1997,Blumentopf
815,Weib,1997,Blumentopf
816,Weib,1997,Blumentopf
817,Weib,1997,Blumentopf
818,Narr,1997,Blumentopf
819,Neger,1997,Blumentopf
820,Schwachkopf,1997,Blumentopf
821,Bursche,1997,Blumentopf
822,Weib,1997,Blumentopf
823,Weib,1997,Blumentopf
824,Weib,1997,Blumentopf
825,Weib,1997,Blumentopf
826,Weib,1997,Blumentopf
827,Weib,1997,Blumentopf
828,Weib,1997,Blumentopf
829,Weib,1997,Blumentopf
830,Weib,1997,Blumentopf
831,Narr,1997,Blumentopf
832,Neger,1997,Blumentopf
833,Schwachkopf,1997,Blumentopf
834,Bursche,1997,Blumentopf
835,Weib,1997,Blumentopf
836,Weib,1997,Blumentopf
837,Weib,1997,Blumentopf
838,Weib,1997,Blumentopf
839,Weib,1997,Blumentopf
840,Weib,1997,Blumentopf
841,Weib,1997,Blumentopf
842,Weib,1997,Blumentopf
843,Weib,1997,Blumentopf
844,Narr,1997,Blumentopf
845,Neger,1997,Blumentopf
846,Schwachkopf,1997,Blumentopf
847,Bursche,1997,Blumentopf
848,Sau,1999,Blumentopf
849,Schwanzlutscher,1999,Blumentopf
850,Wichser,1999,Blumentopf
851,Wichser,1999,Blumentopf
852,Weib,1999,Blumentopf
853,Weib,1999,Blumentopf
854,Weib,1999,Blumentopf
855,Weib,1999,Blumentopf
856,Weib,1999,Blumentopf
857,Weib,1999,Blumentopf
858,Weib,1999,Blumentopf
859,Weib,1999,Blumentopf
860,Weib,1999,Blumentopf
861,Narr,1999,Blumentopf
862,Neger,1999,Blumentopf
863,Schwachkopf,1999,Blumentopf
864,Bursche,1999,Blumentopf
865,Schwein,1999,Blumentopf
866,Spießer,2001,Blumentopf
867,Spießer,2001,Blumentopf
868,Schwanzlutscher,2001,Blumentopf
869,Sack,2001,Blumentopf
870,Sau,2001,Blumentopf
871,Schwein,2001,Blumentopf
872,Depp,2001,Blumentopf
873,Trottel,2003,Blumentopf
874,Trottel,2003,Blumentopf
875,Schlampe,2003,Blumentopf
876,Sau,2003,Blumentopf
877,Lauch,2015,Schwesta Ewa
878,Lauch,2015,Schwesta Ewa
879,Nutte,2015,Schwesta Ewa
880,Nutte,2015,Schwesta Ewa
881,Nutte,2015,Schwesta Ewa
882,Hure,2015,Schwesta Ewa
883,Nutte,2015,Schwesta Ewa
884,Fotze,2015,Schwesta Ewa
885,Nutte,2015,Schwesta Ewa
886,Fotze,2015,Schwesta Ewa
887,Nutte,2015,Schwesta Ewa
888,Nutte,2015,Schwesta Ewa
889,Bastard,2015,Schwesta Ewa
890,Bitch,2018,Schwesta Ewa
891,Hure,2018,Schwesta Ewa
892,Hure,2018,Schwesta Ewa
893,Hure,2018,Schwesta Ewa
894,Hure,2018,Schwesta Ewa
895,Hure,2018,Schwesta Ewa
896,Hure,2018,Schwesta Ewa
897,Nutte,2018,Schwesta Ewa
898,Lauch,2018,Schwesta Ewa
899,Schwanzlutscher,2018,Schwesta Ewa
900,Hure,2018,Schwesta Ewa
901,Schlampe,2018,Schwesta Ewa
902,Nutte,2018,Schwesta Ewa
903,Schlampe,2018,Schwesta Ewa
904,Nutte,2018,Schwesta Ewa
905,Schlampe,2018,Schwesta Ewa
906,Nutte,2018,Schwesta Ewa
907,Schlampe,2018,Schwesta Ewa
908,Nutte,2018,Schwesta Ewa
909,Schlampe,2018,Schwesta Ewa
910,Nutte,2018,Schwesta Ewa
911,Schlampe,2018,Schwesta Ewa
912,Nutte,2018,Schwesta Ewa
913,Bitch,2018,Schwesta Ewa
914,Fotze,2018,Schwesta Ewa
915,Fotze,2018,Schwesta Ewa
916,Wichser,2018,Schwesta Ewa
917,Wichser,2018,Schwesta Ewa
918,Bastard,2020,Schwesta Ewa
919,Bastard,2020,Schwesta Ewa
920,Nutte,2022,Schwesta Ewa
921,Handlanger,2022,Schwesta Ewa
922,Nutte,2022,Schwesta Ewa
923,Hurensohn,2022,Schwesta Ewa
924,Hurensohn,2022,Schwesta Ewa
925,Hexe,1995,Schwester S.
926,Idiot,1995,Schwester S.
927,Wurm,1995,Schwester S.
928,Narr,1995,Schwester S.
929,Schlampe,1997,Sabrina Setlur
930,Sack,1997,Sabrina Setlur
931,Sack,1997,Sabrina Setlur
932,Wichser,1997,Sabrina Setlur
933,Wichser,1997,Sabrina Setlur
934,Depp,1997,Sabrina Setlur
935,Schlampe,1997,Sabrina Setlur
936,Fotze,1999,Sabrina Setlur
937,Fotze,1999,Sabrina Setlur
938,Idiot,1999,Sabrina Setlur
939,Schlampe,2012,Tic Tac Toe
940,Hurensohn,2017,SXTN
941,Hurensohn,2017,SXTN
942,Hure,2017,SXTN
943,Bitch,2017,SXTN
944,Hure,2017,SXTN
945,Schlampe,2017,SXTN
946,Hurensohn,2017,SXTN
947,Schlampe,2017,SXTN
948,Lauch,2017,SXTN
949,Weib,2017,SXTN
950,Schlampe,2017,SXTN
951,Schlampe,2017,SXTN
952,Idiot,2017,SXTN
953,Schlampe,2017,SXTN
954,Schlampe,2017,SXTN
955,Bitch,2016,SXTN
956,Hurensohn,2016,SXTN
957,Hurensohn,2016,SXTN
958,Hure,2016,SXTN
959,Hurensohn,2016,SXTN
960,Hurensohn,2016,SXTN
961,Hurensohn,2016,SXTN
962,Hure,2016,SXTN
963,Hurensohn,2016,SXTN
964,Hurensohn,2016,SXTN
965,Hurensohn,2016,SXTN
966,Hure,2016,SXTN
967,Hurensohn,2016,SXTN
968,Fotze,2016,SXTN
969,Schlampe,2016,SXTN
970,Nutte,2016,SXTN
971,Fotze,2016,SXTN
972,Nutte,2016,SXTN
973,Nutte,2016,SXTN
974,Hure,2016,SXTN
975,Fotze,2016,SXTN
976,Trottel,2016,SXTN
977,Trottel,2016,SXTN
978,Hurensohn,2023,Takt32
979,Schwein,2020,Alligatoah
980,Fotze,2013,Alligatoah
981,Wichser,2022,Alligatoah
982,Wichser,2022,Alligatoah
983,Arschloch,2022,Alligatoah
984,Hackfresse,2021,K.I.Z
985,Hackfresse,2021,K.I.Z
986,Hurensohn,2011,K.I.Z
987,Hurensohn,2011,K.I.Z
988,Nutte,2007,K.I.Z
989,Hurensohn,2007,K.I.Z
990,Sack,2007,K.I.Z
991,Fotze,2007,K.I.Z
992,Luder,2007,K.I.Z
993,Luder,2007,K.I.Z
994,Nutte,2007,K.I.Z
995,Hurensohn,2007,K.I.Z
996,Fotze,2007,K.I.Z
997,Schlampe,2007,K.I.Z
998,Sack,2007,K.I.Z
999,Sack,2007,K.I.Z
1000,Arschloch,2007,K.I.Z
1001,Schlampe,2007,K.I.Z
1002,Schlampe,2007,K.I.Z
1003,Schlampe,2007,K.I.Z
1004,Hurensohn,2007,K.I.Z
1005,Fotze,2007,K.I.Z
1006,Sack,2007,K.I.Z
1007,Fotze,2007,K.I.Z
1008,Sack,2007,K.I.Z
1009,Sau,2007,K.I.Z
1010,Sack,2007,K.I.Z
1011,Sack,2007,K.I.Z
1012,Sau,2009,K.I.Z
1013,Sau,2009,K.I.Z
1014,Sau,2009,K.I.Z
1015,Sau,2009,K.I.Z
1016,Sau,2009,K.I.Z
1017,Sau,2009,K.I.Z
1018,Sau,2009,K.I.Z
1019,Sau,2009,K.I.Z
1020,Schlampe,2009,K.I.Z
1021,Nazi,2009,K.I.Z
1022,Sozialschmarotzer,2009,K.I.Z
1023,Nazi,2009,K.I.Z
1024,Schlampe,2009,K.I.Z
1025,Schwein,2009,K.I.Z
1026,Hurensohn,2009,K.I.Z
1027,Hure,2009,K.I.Z
1028,Weib,2009,K.I.Z
1029,Schlampe,2009,K.I.Z
1030,Arschloch,2009,K.I.Z
1031,Arschloch,2009,K.I.Z
1032,Arschloch,2009,K.I.Z
1033,Schlampe,2009,K.I.Z
1034,Wichser,2009,K.I.Z
1035,Wichser,2009,K.I.Z
1036,Sack,2009,K.I.Z
1037,Sack,2009,K.I.Z
1038,Fotze,2009,K.I.Z
1039,Sack,2009,K.I.Z
1040,Prolet,2009,K.I.Z
1041,Rüpel,2009,K.I.Z
1042,Sau,2009,K.I.Z
1043,Sack,2011,K.I.Z
1044,Hurensohn,2011,K.I.Z
1045,Macker,2011,K.I.Z
1046,Sau,2011,K.I.Z
1047,Arschloch,2011,K.I.Z
1048,Sau,2011,K.I.Z
1049,Idiot,2011,K.I.Z
1050,Hexe,2011,K.I.Z
1051,Schwein,2011,K.I.Z
1052,Bastard,2011,K.I.Z
1053,Fotze,2011,K.I.Z
1054,Bastard,2011,K.I.Z
1055,Bastard,2011,K.I.Z
1056,Nutte,2011,K.I.Z
1057,Bastard,2011,K.I.Z
1058,Bastard,2011,K.I.Z
1059,Bastard,2011,K.I.Z
1060,Bastard,2011,K.I.Z
1061,Nutte,2011,K.I.Z
1062,Sack,2011,K.I.Z
1063,Bastard,2011,K.I.Z
1064,Nutte,2011,K.I.Z
1065,Sack,2011,K.I.Z
1066,Schlampe,2011,K.I.Z
1067,Sack,2011,K.I.Z
1068,Schlampe,2011,K.I.Z
1069,Wichser,2011,K.I.Z
1070,Wichser,2011,K.I.Z
1071,Hurensohn,2013,K.I.Z
1072,Schlampe,2013,K.I.Z
1073,Nutte,2013,K.I.Z
1074,Schlampe,2013,K.I.Z
1075,Hurensohn,2013,K.I.Z
1076,Schlampe,2013,K.I.Z
1077,Bastard,2013,K.I.Z
1078,Hurensohn,2013,K.I.Z
1079,Schlampe,2013,K.I.Z
1080,Sau,2013,K.I.Z
1081,Tunte,2013,K.I.Z
1082,Sack,2013,K.I.Z
1083,Nutte,2013,K.I.Z
1084,Schlampe,2013,K.I.Z
1085,Schlampe,2013,K.I.Z
1086,Schwein,2013,K.I.Z
1087,Schlampe,2013,K.I.Z
1088,Schlampe,2013,K.I.Z
1089,Nutte,2013,K.I.Z
1090,Nutte,2013,K.I.Z
1091,Nutte,2013,K.I.Z
1092,Schlampe,2013,K.I.Z
1093,Nutte,2013,K.I.Z
1094,Schlampe,2015,K.I.Z
1095,Sozialschmarotzer,2015,K.I.Z
1096,Mitläufer,2015,K.I.Z
1097,Schlampe,2015,K.I.Z
1098,Idiot,2015,K.I.Z
1099,Idiot,2015,K.I.Z
1100,Idiot,2015,K.I.Z
1101,Hure,2015,K.I.Z
1102,Idiot,2015,K.I.Z
1103,Schlampe,2015,K.I.Z
1104,Nutte,2015,K.I.Z
1105,Schlampe,2015,K.I.Z
1106,Nutte,2020,K.I.Z
1107,Nutte,2020,K.I.Z
1108,Nutte,2020,K.I.Z
1109,Nutte,2020,K.I.Z
1110,Nutte,2020,K.I.Z
1111,Nutte,2020,K.I.Z
1112,Nutte,2020,K.I.Z
1113,Nutte,2020,K.I.Z
1114,Nutte,2020,K.I.Z
1115,Hurensohn,2020,K.I.Z
1116,Bitch,2020,K.I.Z
1117,Nutte,2020,K.I.Z
1118,Bitch,2020,K.I.Z
1119,Sau,2020,K.I.Z
1120,Bitch,2020,K.I.Z
1121,Hurensohn,2020,K.I.Z
1122,Hurensohn,2020,K.I.Z
1123,Nutte,2020,K.I.Z
1124,Wichser,2021,K.I.Z
1125,Wichser,2021,K.I.Z
1126,Schwuchtel,2022,K.I.Z
1127,Spießer,2022,K.I.Z
1128,Nazi,2021,Danger Dan
1129,Wichser,2018,Danger Dan
1130,Wichser,2018,Danger Dan
1131,Wichser,2018,Danger Dan
1132,Wichser,2018,Danger Dan
1133,Taugenichts,2018,Danger Dan
1134,Trottel,2018,Danger Dan
1135,Trottel,2018,Danger Dan
1136,Lauch,2018,Danger Dan
1137,Vandale,2018,Danger Dan
1138,Sack,2018,Danger Dan
1139,Arschloch,2012,NMZS
1140,Hurensohn,2012,NMZS
1141,Hurensohn,2012,Danger Dan
1142,Wichser,2012,Danger Dan
1143,Wichser,2012,Danger Dan
1144,Idiot,2012,Danger Dan
1145,Idiot,2012,Danger Dan
1146,Idiot,2012,Danger Dan
1147,Idiot,2012,Danger Dan
1148,Idiot,2012,Danger Dan
1149,Idiot,2012,Danger Dan
1150,Idiot,2012,Danger Dan
1151,Idiot,2012,Danger Dan
1152,Idiot,2012,Danger Dan
1153,Idiot,2012,Danger Dan
1154,Idiot,2012,Danger Dan
1155,Idiot,2012,Danger Dan
1156,Idiot,2012,Danger Dan
1157,Idiot,2012,Danger Dan
1158,Idiot,2012,Danger Dan
1159,Idiot,2012,Danger Dan
1160,Idiot,2012,Danger Dan
1161,Idiot,2012,Danger Dan
1162,Idiot,2012,Danger Dan
1163,Idiot,2012,Danger Dan
1164,Idiot,2012,Danger Dan
1165,Idiot,2012,Danger Dan
1166,Idiot,2012,Danger Dan
1167,Idiot,2012,Danger Dan
1168,Idiot,2012,Danger Dan
1169,Idiot,2012,Danger Dan
1170,Idiot,2012,Danger Dan
1171,Idiot,2012,Danger Dan
1172,Idiot,2012,Danger Dan
1173,Idiot,2012,Danger Dan
1174,Hurensohn,2012,Danger Dan
1175,Taugenichts,2023,BRUCKNER
1176,Bursche,2023,Juli Gilde
1177,Schwein,2023,Juli Gilde
1178,Wurm,2023,Juli Gilde
1179,Wurm,2023,Juli Gilde
1180,Pedant,2023,Juli Gilde
1181,Wurm,2023,Juli Gilde
1182,Narr,2023,toksi
1183,Weib,2023,toksi
1184,Arschloch,2017,Faber
1185,Nutte,2017,Faber
1186,Arschloch,2017,Faber
1187,Arschloch,2017,Faber
1188,Nutte,2017,Faber
1189,Sack,2016,Matze Rossi
1190,Sau,2016,Matze Rossi
1191,Schlampe,2016,Matze Rossi
1192,Bitch,2022,ELIF
1193,Mistvieh,2005,Fettes Brot
1194,Weib,1997,Rammstein
1195,Weib,1997,Rammstein
1196,Weib,1997,Rammstein
1197,Weib,2005,Rammstein
1198,Besserwisser,2023,Madsen
1199,Sau,2016,Jennifer Rostock
1200,Schlampe,2020,Die Sterne
1201,Sau,2018,Theodor Shitstorm
1202,Nestbeschmutzer,2019,Thees Uhlmann
1203,Hurensohn,2018,Husten
1204,Hurensohn,2018,Husten
1205,Hurensohn,2018,Husten
1206,Idiot,2006,FOTOS
1207,Idiot,2006,FOTOS
1208,Nutte,2020,Helgen
1209,Schwuchtel,2021,Milliarden
1210,Schwein,2021,Milliarden
1211,Schwein,2005,Ich + Ich
1212,Sack,2005,Ich + Ich
1213,Mistvieh,2005,Fettes Brot
1214,Schwein,2007,Nena
1215,Sack,2007,Nena
1216,Sau,2009,Sido
1217,Rüpel,2007,Sido
1218,Wichser,2008,Fettes Brot
1219,Wichser,2008,Fettes Brot
1220,Sack,2009,Sido
1221,Weib,2007,Wir sind Helden
1222,Sack,2012,Tic Tac Toe
1223,Spießer,2008,Dynamite Deluxe
1224,Sack,2000,Die Ärzte
1225,Idiot,2012,Tic Tac Toe
1226,Sack,2008,Thomas D
1227,Schwein,2003,Curse
1228,Depp,2003,Curse
1229,Schlampe,2006,LaFee
1230,Schlampe,2006,LaFee
1231,Tagedieb,2004,Die Toten Hosen
1232,Luder,2002,Die Toten Hosen
1233,Luder,2002,Die Toten Hosen
1234,Hure,2007,Sebastian Hämer
1235,Wichser,2017,Nena
1236,Wichser,2017,Nena
1237,Hure,2006,Rapsoul
1238,Bonze,2006,Rapsoul
1239,Sack,2006,Valentin Stilu
1240,Sack,2006,Valentin Stilu
1241,Schwein,2009,Culcha Candela
1242,Fotze,2014,Andreas Dorau
1243,Bastard,2014,Andreas Dorau
1244,Nutte,2014,Andreas Dorau
1245,Schwein,2005,Dorau
1246,Sack,2005,Dorau
1247,Prolet,2004,Eko Fresh
1248,Stenz,2004,Eko Fresh
1249,Nutte,2004,Eko Fresh
1250,Trottel,2004,Eko Fresh
1251,Trottel,2004,Eko Fresh
1252,Stenz,2004,Eko Fresh
1253,Wichser,2004,Eko Fresh
1254,Wichser,2004,Eko Fresh
1255,Wichser,2004,Eko Fresh
1256,Wichser,2004,Eko Fresh
1257,Kümmeltürke,2004,Eko Fresh
1258,Sau,2004,Eko Fresh
1259,Idiot,2004,Eko Fresh
1260,Schlampe,2006,Liza Li
1261,Sack,2014,Hämatom
1262,Strolch,2008,In Extremo
1263,Strolch,2008,In Extremo
1264,Luder,2012,Megaherz
1265,Luder,2012,Megaherz
1266,Nutte,2012,Megaherz
1267,Luder,2012,Megaherz
1268,Luder,2012,Megaherz
1269,Weib,2012,Megaherz
1270,Schlampe,2012,Eisbrecher
1271,Schlampe,2012,Eisbrecher
1272,Nazi,2015,Adam Angst
1273,Nazi,2015,Adam Angst
1274,Schwein,2011,Broilers
1275,Bursche,2014,Coppelius
1276,Schwein,2014,Coppelius
1277,Wurm,2014,Coppelius
1278,Wurm,2014,Coppelius
1279,Pedant,2014,Coppelius
1280,Wurm,2014,Coppelius
1281,Bastard,2013,Coppelius
1282,Sau,2016,Sondaschule
1283,Arschloch,2016,Serum 114
1284,Bastard,2012,Callejon
1285,Hexe,2013,In Extremo
1286,Hexe,2013,In Extremo
1287,Hexe,2013,In Extremo
1288,Hexe,2013,In Extremo
1289,Sack,2010,Störte.Priester
1290,Schwein,2011,Broilers
1291,Sack,2011,Broilers
1292,Sack,2002,Sondaschule
1293,Schwein,2002,Sondaschule
1294,Sack,2002,Sondaschule
1295,Schwein,2002,Sondaschule
1296,Sau,2002,Sondaschule
1297,Trottel,2023,Swiss & Die Andern
1298,Trottel,2023,Swiss & Die Andern
1299,Idiot,2023,Swiss & Die Andern
1300,Sack,1999,Die Kassierer
1301,Sau,1999,Die Kassierer
1302,Sack,2003,Die Kassierer
1303,Hurensohn,1999,Die Kassierer
1304,Wichser,1999,Die Kassierer
1305,Wichser,1999,Die Kassierer
1306,Nutte,1999,Die Kassierer
1307,Sau,1994,Wizo
1308,Sau,1994,Wizo
1309,Sau,1994,Wizo
1310,Sau,1994,Wizo
1311,Sau,1994,Wizo
1312,Sau,1994,Wizo
1313,Sau,1994,Wizo
1314,Sau,1994,Wizo
1315,Sau,1994,Wizo
1316,Sau,1994,Wizo
1317,Sau,1994,Wizo
1318,Sau,1994,Wizo
1319,Sau,1994,Wizo
1320,Sau,1994,Wizo
1321,Idiot,2017,Prinz Pi
1322,Idiot,2017,Prinz Pi
1323,Nazi,2023,Prinz Pi
1324,Idiot,2023,Prinz Pi
1325,Idiot,2023,Prinz Pi
1326,Wichser,2023,Prinz Pi
1327,Wichser,2023,Prinz Pi
1328,Wichser,2023,Prinz Pi
1329,Wichser,2023,Prinz Pi
1330,Wichser,2019,KUMMER
1331,Wichser,2019,KUMMER
1332,Wichser,2019,KUMMER
1333,Wichser,2019,KUMMER
1334,Wichser,2019,KUMMER
1335,Wichser,2019,KUMMER
1336,Wichser,2019,KUMMER
1337,Wichser,2019,KUMMER
1338,Wichser,2019,KUMMER
1339,Wichser,2019,KUMMER
1340,Wichser,2019,KUMMER
1341,Wichser,2019,KUMMER
1342,Wichser,2019,KUMMER
1343,Wichser,2019,KUMMER
1344,Spießer,2012,SDP
1345,Spießer,2021,Jan Delay
1346,Trottel,1996,Fettes Brot
1347,Trottel,1996,Fettes Brot
1348,Nutte,2014,Sido
1349,Sack,2012,Sido
1350,Wichser,2006,Jan Delay
1351,Wichser,2006,Jan Delay
1352,Schlampe,2016,SSIO
1353,Hure,2016,SSIO
1354,Nutte,2016,SSIO
1355,Nutte,2016,SSIO
1356,Nutte,2016,SSIO
1357,Nutte,2016,SSIO
1358,Nutte,2016,SSIO
1359,Nutte,2016,SSIO
1360,Hure,2016,SSIO
1361,Sau,1999,Beginner
1362,Idiot,2016,Samy Deluxe
1363,Stümper,1998,Fettes Brot
1364,Rotzlöffel,2013,Die Firma
1365,Griesgram,1998,Fettes Brot
1366,Bitch,2014,Spax
1367,Fotze,2014,Spax
1368,Schwein,1998,Freundeskreis
1369,Wichser,1998,Freundeskreis
1370,Wichser,1998,Freundeskreis
1371,Fuzzi,1998,Freundeskreis
1372,Schwein,1998,Freundeskreis
1373,Softie,1998,Freundeskreis
1374,Schwuchtel,1998,Freundeskreis
1375,Idiot,1998,Freundeskreis
1376,Schwein,1998,Freundeskreis
1377,Nutte,2013,Toni-L
1378,Nutte,2013,Toni-L
1379,Faulpelz,2015,ASD
1380,Wichser,2021,Megaloh
1381,Wichser,2021,Megaloh
1382,Fotze,2021,Megaloh
1383,Spießer,2015,ASD
1384,Neger,2015,Afrob
1385,Ignorant,2022,DJ Ötzi
1386,Hurensohn,2017,DJ Ötzi
1387,Nutte,2017,DJ Ötzi
1388,Sack,2017,DJ Ötzi
1389,Nutte,2017,DJ Ötzi
1390,Sau,2017,DJ Ötzi
1391,Lauch,2017,DJ Ötzi
1392,Hurensohn,2017,DJ Ötzi
1393,Nutte,2017,DJ Ötzi
1394,Sack,2017,DJ Ötzi
1395,Nutte,2017,DJ Ötzi
1396,Sau,2017,DJ Ötzi
1397,Lauch,2017,DJ Ötzi
1398,Schwein,2013,DJ Ötzi
1399,Schwein,2013,DJ Ötzi
1400,Schwein,2013,DJ Ötzi
1401,Hurensohn,2013,DJ Ötzi
1402,Nutte,2013,DJ Ötzi
1403,Sack,2013,DJ Ötzi
1404,Nutte,2013,DJ Ötzi
1405,Sau,2013,DJ Ötzi
1406,Lauch,2013,DJ Ötzi
1407,Nutte,2010,DJ Ötzi
1408,Bastard,2010,DJ Ötzi
1409,Bastard,2010,DJ Ötzi
1410,Rowdy,2002,DJ Ötzi
1411,Rowdy,2002,DJ Ötzi
1412,Weib,2020,Rammstein
1413,Fotze,2017,Trailerpark
1414,Nutte,2017,Trailerpark
1415,Krüppel,2017,Trailerpark
1416,Bitch,2017,Trailerpark
1417,Schlampe,2017,Trailerpark
1418,Sack,2017,Trailerpark
1419,Hure,2017,Trailerpark
1420,Schlampe,2017,Trailerpark
1421,Nutte,2017,Trailerpark
1422,Nutte,2017,Trailerpark
1423,Spießer,2014,Trailerpark
1424,Schlampe,2014,Trailerpark
1425,Arschloch,2014,Trailerpark
1426,Fotze,2014,Trailerpark
1427,Arschloch,2014,Trailerpark
1428,Schlampe,2014,Trailerpark
1429,Hurensohn,2014,Trailerpark
1430,Schlampe,2014,Trailerpark
1431,Fotze,2014,Trailerpark
1432,Lauch,2014,Trailerpark
1433,Fotze,2014,Trailerpark
1434,Wichser,2014,Trailerpark
1435,Wichser,2014,Trailerpark
1436,Fotze,2014,Trailerpark
1437,Schwuchtel,2014,Trailerpark
1438,Nutte,2014,Trailerpark
1439,Nutte,2014,Trailerpark
1440,Ungeheuer,2014,Glasperlenspiel
1441,Sack,2014,Glasperlenspiel
1442,Nazi,2006,Silbermond
1443,Lauch,2018,Nena
1444,Bonze,2018,Nena
1445,Trottel,2018,Nena
1446,Trottel,2018,Nena
1447,Sau,2018,Nena
1448,Bitch,2018,Nena
1449,Depp,2018,Nena
1450,Warmduscher,2018,Nena
1451,Hurensohn,2018,Nena
1452,Hurensohn,2018,Nena
1453,Schwein,2018,Nena
1454,Sack,2018,Nena
1455,Schlampe,2018,Nena
1456,Idiot,2018,Nena
1457,Hure,2018,Nena
1458,Hure,2018,Nena
1459,Bitch,2018,Nena
1460,Hurensohn,2018,Nena
1461,Bastard,2018,Nena
1462,Schwein,2018,Nena
1463,Nutte,2018,Nena
1464,Weib,1999,Nena
1465,Wichser,1999,Nena
1466,Wichser,1999,Nena
1467,Wichser,1999,Nena
1468,Wichser,1999,Nena
1469,Weib,1999,Nena
1470,Vollpfosten,1999,Nena
1471,Hure,1999,Nena
1472,Schwachkopf,1999,Nena
1473,Weib,1999,Nena
1474,Trottel,1999,Nena
1475,Trottel,1999,Nena
1476,Schwein,1999,Nena
1477,Sau,1999,Nena
1478,Weib,1999,Nena
1479,Bastard,1999,Nena
1480,Schwein,1999,Nena
1481,Fotze,1999,Nena
1482,Sau,1999,Nena
1483,Fotze,1999,Nena
1484,Schwein,1999,Nena
1485,Idiot,1999,Nena
1486,Hurensohn,1999,Nena
1487,Sack,1999,Nena
1488,Bastard,1999,Nena
1489,Schlampe,1997,Nena
1490,Bitch,1997,Nena
1491,Hurensohn,1997,Nena
1492,Weib,1997,Nena
1493,Weib,1997,Nena
1494,Weib,1997,Nena
1495,Weib,1997,Nena
1496,Weib,1997,Nena
1497,Weib,1997,Nena
1498,Weib,1997,Nena
1499,Weib,1997,Nena
1500,Weib,1997,Nena
1501,Weib,1997,Nena
1502,Narr,1997,Nena
1503,Neger,1997,Nena
1504,Schwachkopf,1997,Nena
1505,Bursche,1997,Nena
1506,Weib,1997,Nena
1507,Weib,1997,Nena
1508,Weib,1997,Nena
1509,Weib,1997,Nena
1510,Weib,1997,Nena
1511,Weib,1997,Nena
1512,Weib,1997,Nena
1513,Weib,1997,Nena
1514,Weib,1997,Nena
1515,Narr,1997,Nena
1516,Neger,1997,Nena
1517,Schwachkopf,1997,Nena
1518,Bursche,1997,Nena
1519,Weib,1997,Nena
1520,Weib,1997,Nena
1521,Weib,1997,Nena
1522,Weib,1997,Nena
1523,Weib,1997,Nena
1524,Weib,1997,Nena
1525,Weib,1997,Nena
1526,Weib,1997,Nena
1527,Weib,1997,Nena
1528,Narr,1997,Nena
1529,Neger,1997,Nena
1530,Schwachkopf,1997,Nena
1531,Bursche,1997,Nena
1532,Sack,1995,Nena
